Event Index,UTC Timestamp,UTC Date and Time,Local Timestamp,Local Timezone,Local Date and Time,Experiment ID,Experiment Version,Tree Node Key,Repeat Key,Schedule ID,Participant Public ID,Participant Private ID,Participant Starting Group,Participant Status,Participant Completion Code,Participant External Session ID,Participant Device Type,Participant Device,Participant OS,Participant Browser,Participant Monitor Size,Participant Viewport Size,Checkpoint,Room ID,Room Order,Task Name,Task Version,randomiser-m119,Manipulation: Spreadsheet,Current Spreadsheet,Trial Number,Display,Screen,Screen ID,Screen Counter,Response Type,Response,Context,Onset Time,Clock Time,Reaction Time,Absolute Onset Time,Absolute Clock Time,Absolute Reaction Time,Correct,Response Duration,Proportion,Tag,Component Name,Object Name,Object Number,Object ID,Spreadsheet: display,Spreadsheet: correct_answer,Spreadsheet: image,Spreadsheet: tag
1,1789992007000,21/09/2026 12:00:07,1789992007000,1,21/09/2026 13:00:07,229051,38,synthetic-vision,,SYN-S1-S1_PRIV_001,BLINDED,S1_PRIV_001,,complete,SYNTHETIC,,computer,Synthetic desktop,Synthetic OS,Synthetic Browser,1920 x 1080,1440 x 900,,,,Vision Check,SYNTHETIC,G1,spreadsheet,spreadsheet,1,Display 1,Screen 1,,,response,12,,,,3595.5,,,3595.5,1,3595.5,,,,,,,Display 1,12,12,Q1_answer
2,1789992014000,21/09/2026 12:00:14,1789992014000,1,21/09/2026 13:00:14,229051,38,synthetic-vision,,SYN-S1-S1_PRIV_001,BLINDED,S1_PRIV_001,,complete,SYNTHETIC,,computer,Synthetic desktop,Synthetic OS,Synthetic Browser,1920 x 1080,1440 x 900,,,,Vision Check,SYNTHETIC,G1,spreadsheet,spreadsheet,1,Display 2,Screen 1,,,response,16,,,,4800.3,,,4800.3,1,4800.3,,,,,,,Display 2,16,16,Q2_answer
3,1789992021000,21/09/2026 12:00:21,1789992021000,1,21/09/2026 13:00:21,229051,38,synthetic-vision,,SYN-S1-S1_PRIV_001,BLINDED,S1_PRIV_001,,complete,SYNTHETIC,,computer,Synthetic desktop,Synthetic OS,Synthetic Browser,1920 x 1080,1440 x 900,,,,Vision Check,SYNTHETIC,G1,spreadsheet,spreadsheet,1,Display 3,Screen 1,,,response,29,,,,2155.5,,,2155.5,1,2155.5,,,,,,,Display 3,29,29,Q3_answer
4,1789992028000,21/09/2026 12:00:28,1789992028000,1,21/09/2026 13:00:28,229051,38,synthetic-vision,,SYN-S1-S1_PRIV_001,BLINDED,S1_PRIV_001,,complete,SYNTHETIC,,computer,Synthetic desktop,Synthetic OS,Synthetic Browser,1920 x 1080,1440 x 900,,,,Vision Check,SYNTHETIC,G1,spreadsheet,spreadsheet,1,Display 4,Screen 1,,,response,26,,,,3770.2,,,3770.2,1,3770.2,,,,,,,Display 4,26,26,Q4_answer
5,1789992035000,21/09/2026 12:00:35,1789992035000,1,21/09/2026 13:00:35,229051,38,synthetic-vision,,SYN-S1-S1_PRIV_002,BLINDED,S1_PRIV_002,,complete,SYNTHETIC,,computer,Synthetic desktop,Synthetic OS,Synthetic Browser,1920 x 1080,1440 x 900,,,,Vision Check,SYNTHETIC,G1,spreadsheet,spreadsheet,1,Display 1,Screen 1,,,response,12,,,,2593.2,,,2593.2,1,2593.2,,,,,,,Display 1,12,12,Q1_answer
6,1789992042000,21/09/2026 12:00:42,1789992042000,1,21/09/2026 13:00:42,229051,38,synthetic-vision,,SYN-S1-S1_PRIV_002,BLINDED,S1_PRIV_002,,complete,SYNTHETIC,,computer,Synthetic desktop,Synthetic OS,Synthetic Browser,1920 x 1080,1440 x 900,,,,Vision Check,SYNTHETIC,G1,spreadsheet,spreadsheet,1,Display 2,Screen 1,,,response,16,,,,3975.0,,,3975.0,1,3975.0,,,,,,,Display 2,16,16,Q2_answer
7,1789992049000,21/09/2026 12:00:49,1789992049000,1,21/09/2026 13:00:49,229051,38,synthetic-vision,,SYN-S1-S1_PRIV_002,BLINDED,S1_PRIV_002,,complete,SYNTHETIC,,computer,Synthetic desktop,Synthetic OS,Synthetic Browser,1920 x 1080,1440 x 900,,,,Vision Check,SYNTHETIC,G1,spreadsheet,spreadsheet,1,Display 3,Screen 1,,,response,29,,,,2316.7,,,2316.7,1,2316.7,,,,,,,Display 3,29,29,Q3_answer
8,1789992056000,21/09/2026 12:00:56,1789992056000,1,21/09/2026 13:00:56,229051,38,synthetic-vision,,SYN-S1-S1_PRIV_002,BLINDED,S1_PRIV_002,,complete,SYNTHETIC,,computer,Synthetic desktop,Synthetic OS,Synthetic Browser,1920 x 1080,1440 x 900,,,,Vision Check,SYNTHETIC,G1,spreadsheet,spreadsheet,1,Display 4,Screen 1,,,response,26,,,,3935.1,,,3935.1,1,3935.1,,,,,,,Display 4,26,26,Q4_answer
9,1789992063000,21/09/2026 12:01:03,1789992063000,1,21/09/2026 13:01:03,229051,38,synthetic-vision,,SYN-S1-S1_PRIV_003,BLINDED,S1_PRIV_003,,complete,SYNTHETIC,,computer,Synthetic desktop,Synthetic OS,Synthetic Browser,1920 x 1080,1440 x 900,,,,Vision Check,SYNTHETIC,G1,spreadsheet,spreadsheet,1,Display 1,Screen 1,,,response,12,,,,6228.2,,,6228.2,1,6228.2,,,,,,,Display 1,12,12,Q1_answer
10,1789992070000,21/09/2026 12:01:10,1789992070000,1,21/09/2026 13:01:10,229051,38,synthetic-vision,,SYN-S1-S1_PRIV_003,BLINDED,S1_PRIV_003,,complete,SYNTHETIC,,computer,Synthetic desktop,Synthetic OS,Synthetic Browser,1920 x 1080,1440 x 900,,,,Vision Check,SYNTHETIC,G1,spreadsheet,spreadsheet,1,Display 2,Screen 1,,,response,16,,,,2250.2,,,2250.2,1,2250.2,,,,,,,Display 2,16,16,Q2_answer
11,1789992077000,21/09/2026 12:01:17,1789992077000,1,21/09/2026 13:01:17,229051,38,synthetic-vision,,SYN-S1-S1_PRIV_003,BLINDED,S1_PRIV_003,,complete,SYNTHETIC,,computer,Synthetic desktop,Synthetic OS,Synthetic Browser,1920 x 1080,1440 x 900,,,,Vision Check,SYNTHETIC,G1,spreadsheet,spreadsheet,1,Display 3,Screen 1,,,response,29,,,,2911.4,,,2911.4,1,2911.4,,,,,,,Display 3,29,29,Q3_answer
12,1789992084000,21/09/2026 12:01:24,1789992084000,1,21/09/2026 13:01:24,229051,38,synthetic-vision,,SYN-S1-S1_PRIV_003,BLINDED,S1_PRIV_003,,complete,SYNTHETIC,,computer,Synthetic desktop,Synthetic OS,Synthetic Browser,1920 x 1080,1440 x 900,,,,Vision Check,SYNTHETIC,G1,spreadsheet,spreadsheet,1,Display 4,Screen 1,,,response,26,,,,2361.9,,,2361.9,1,2361.9,,,,,,,Display 4,26,26,Q4_answer
13,1789992091000,21/09/2026 12:01:31,1789992091000,1,21/09/2026 13:01:31,229051,38,synthetic-vision,,SYN-S1-S1_PRIV_004,BLINDED,S1_PRIV_004,,complete,SYNTHETIC,,computer,Synthetic desktop,Synthetic OS,Synthetic Browser,1920 x 1080,1440 x 900,,,,Vision Check,SYNTHETIC,G1,spreadsheet,spreadsheet,1,Display 1,Screen 1,,,response,12,,,,2170.2,,,2170.2,1,2170.2,,,,,,,Display 1,12,12,Q1_answer
14,1789992098000,21/09/2026 12:01:38,1789992098000,1,21/09/2026 13:01:38,229051,38,synthetic-vision,,SYN-S1-S1_PRIV_004,BLINDED,S1_PRIV_004,,complete,SYNTHETIC,,computer,Synthetic desktop,Synthetic OS,Synthetic Browser,1920 x 1080,1440 x 900,,,,Vision Check,SYNTHETIC,G1,spreadsheet,spreadsheet,1,Display 2,Screen 1,,,response,16,,,,2958.1,,,2958.1,1,2958.1,,,,,,,Display 2,16,16,Q2_answer
15,1789992105000,21/09/2026 12:01:45,1789992105000,1,21/09/2026 13:01:45,229051,38,synthetic-vision,,SYN-S1-S1_PRIV_004,BLINDED,S1_PRIV_004,,complete,SYNTHETIC,,computer,Synthetic desktop,Synthetic OS,Synthetic Browser,1920 x 1080,1440 x 900,,,,Vision Check,SYNTHETIC,G1,spreadsheet,spreadsheet,1,Display 3,Screen 1,,,response,29,,,,6360.2,,,6360.2,1,6360.2,,,,,,,Display 3,29,29,Q3_answer
16,1789992112000,21/09/2026 12:01:52,1789992112000,1,21/09/2026 13:01:52,229051,38,synthetic-vision,,SYN-S1-S1_PRIV_004,BLINDED,S1_PRIV_004,,complete,SYNTHETIC,,computer,Synthetic desktop,Synthetic OS,Synthetic Browser,1920 x 1080,1440 x 900,,,,Vision Check,SYNTHETIC,G1,spreadsheet,spreadsheet,1,Display 4,Screen 1,,,response,26,,,,3450.2,,,3450.2,1,3450.2,,,,,,,Display 4,26,26,Q4_answer
17,1789992119000,21/09/2026 12:01:59,1789992119000,1,21/09/2026 13:01:59,229051,38,synthetic-vision,,SYN-S1-S1_PRIV_005,BLINDED,S1_PRIV_005,,complete,SYNTHETIC,,computer,Synthetic desktop,Synthetic OS,Synthetic Browser,1920 x 1080,1440 x 900,,,,Vision Check,SYNTHETIC,G1,spreadsheet,spreadsheet,1,Display 1,Screen 1,,,response,12,,,,2953.6,,,2953.6,1,2953.6,,,,,,,Display 1,12,12,Q1_answer
18,1789992126000,21/09/2026 12:02:06,1789992126000,1,21/09/2026 13:02:06,229051,38,synthetic-vision,,SYN-S1-S1_PRIV_005,BLINDED,S1_PRIV_005,,complete,SYNTHETIC,,computer,Synthetic desktop,Synthetic OS,Synthetic Browser,1920 x 1080,1440 x 900,,,,Vision Check,SYNTHETIC,G1,spreadsheet,spreadsheet,1,Display 2,Screen 1,,,response,16,,,,1682.3,,,1682.3,1,1682.3,,,,,,,Display 2,16,16,Q2_answer
19,1789992133000,21/09/2026 12:02:13,1789992133000,1,21/09/2026 13:02:13,229051,38,synthetic-vision,,SYN-S1-S1_PRIV_005,BLINDED,S1_PRIV_005,,complete,SYNTHETIC,,computer,Synthetic desktop,Synthetic OS,Synthetic Browser,1920 x 1080,1440 x 900,,,,Vision Check,SYNTHETIC,G1,spreadsheet,spreadsheet,1,Display 3,Screen 1,,,response,29,,,,1660.8,,,1660.8,1,1660.8,,,,,,,Display 3,29,29,Q3_answer
20,1789992140000,21/09/2026 12:02:20,1789992140000,1,21/09/2026 13:02:20,229051,38,synthetic-vision,,SYN-S1-S1_PRIV_005,BLINDED,S1_PRIV_005,,complete,SYNTHETIC,,computer,Synthetic desktop,Synthetic OS,Synthetic Browser,1920 x 1080,1440 x 900,,,,Vision Check,SYNTHETIC,G1,spreadsheet,spreadsheet,1,Display 4,Screen 1,,,response,26,,,,3757.9,,,3757.9,1,3757.9,,,,,,,Display 4,26,26,Q4_answer
21,1789992147000,21/09/2026 12:02:27,1789992147000,1,21/09/2026 13:02:27,229051,38,synthetic-vision,,SYN-S1-S1_PRIV_006,BLINDED,S1_PRIV_006,,complete,SYNTHETIC,,computer,Synthetic desktop,Synthetic OS,Synthetic Browser,1920 x 1080,1440 x 900,,,,Vision Check,SYNTHETIC,G1,spreadsheet,spreadsheet,1,Display 1,Screen 1,,,response,12,,,,3668.2,,,3668.2,1,3668.2,,,,,,,Display 1,12,12,Q1_answer
22,1789992154000,21/09/2026 12:02:34,1789992154000,1,21/09/2026 13:02:34,229051,38,synthetic-vision,,SYN-S1-S1_PRIV_006,BLINDED,S1_PRIV_006,,complete,SYNTHETIC,,computer,Synthetic desktop,Synthetic OS,Synthetic Browser,1920 x 1080,1440 x 900,,,,Vision Check,SYNTHETIC,G1,spreadsheet,spreadsheet,1,Display 2,Screen 1,,,response,16,,,,2545.3,,,2545.3,1,2545.3,,,,,,,Display 2,16,16,Q2_answer
23,1789992161000,21/09/2026 12:02:41,1789992161000,1,21/09/2026 13:02:41,229051,38,synthetic-vision,,SYN-S1-S1_PRIV_006,BLINDED,S1_PRIV_006,,complete,SYNTHETIC,,computer,Synthetic desktop,Synthetic OS,Synthetic Browser,1920 x 1080,1440 x 900,,,,Vision Check,SYNTHETIC,G1,spreadsheet,spreadsheet,1,Display 3,Screen 1,,,response,29,,,,3609.8,,,3609.8,1,3609.8,,,,,,,Display 3,29,29,Q3_answer
24,1789992168000,21/09/2026 12:02:48,1789992168000,1,21/09/2026 13:02:48,229051,38,synthetic-vision,,SYN-S1-S1_PRIV_006,BLINDED,S1_PRIV_006,,complete,SYNTHETIC,,computer,Synthetic desktop,Synthetic OS,Synthetic Browser,1920 x 1080,1440 x 900,,,,Vision Check,SYNTHETIC,G1,spreadsheet,spreadsheet,1,Display 4,Screen 1,,,response,26,,,,2792.6,,,2792.6,1,2792.6,,,,,,,Display 4,26,26,Q4_answer
25,1789992175000,21/09/2026 12:02:55,1789992175000,1,21/09/2026 13:02:55,229051,38,synthetic-vision,,SYN-S1-S1_PRIV_007,BLINDED,S1_PRIV_007,,complete,SYNTHETIC,,computer,Synthetic desktop,Synthetic OS,Synthetic Browser,1920 x 1080,1440 x 900,,,,Vision Check,SYNTHETIC,G1,spreadsheet,spreadsheet,1,Display 1,Screen 1,,,response,12,,,,1999.5,,,1999.5,1,1999.5,,,,,,,Display 1,12,12,Q1_answer
26,1789992182000,21/09/2026 12:03:02,1789992182000,1,21/09/2026 13:03:02,229051,38,synthetic-vision,,SYN-S1-S1_PRIV_007,BLINDED,S1_PRIV_007,,complete,SYNTHETIC,,computer,Synthetic desktop,Synthetic OS,Synthetic Browser,1920 x 1080,1440 x 900,,,,Vision Check,SYNTHETIC,G1,spreadsheet,spreadsheet,1,Display 2,Screen 1,,,response,16,,,,4205.0,,,4205.0,1,4205.0,,,,,,,Display 2,16,16,Q2_answer
27,1789992189000,21/09/2026 12:03:09,1789992189000,1,21/09/2026 13:03:09,229051,38,synthetic-vision,,SYN-S1-S1_PRIV_007,BLINDED,S1_PRIV_007,,complete,SYNTHETIC,,computer,Synthetic desktop,Synthetic OS,Synthetic Browser,1920 x 1080,1440 x 900,,,,Vision Check,SYNTHETIC,G1,spreadsheet,spreadsheet,1,Display 3,Screen 1,,,response,29,,,,1571.6,,,1571.6,1,1571.6,,,,,,,Display 3,29,29,Q3_answer
28,1789992196000,21/09/2026 12:03:16,1789992196000,1,21/09/2026 13:03:16,229051,38,synthetic-vision,,SYN-S1-S1_PRIV_007,BLINDED,S1_PRIV_007,,complete,SYNTHETIC,,computer,Synthetic desktop,Synthetic OS,Synthetic Browser,1920 x 1080,1440 x 900,,,,Vision Check,SYNTHETIC,G1,spreadsheet,spreadsheet,1,Display 4,Screen 1,,,response,26,,,,3119.7,,,3119.7,1,3119.7,,,,,,,Display 4,26,26,Q4_answer
29,1789992203000,21/09/2026 12:03:23,1789992203000,1,21/09/2026 13:03:23,229051,38,synthetic-vision,,SYN-S1-S1_PRIV_008,BLINDED,S1_PRIV_008,,complete,SYNTHETIC,,computer,Synthetic desktop,Synthetic OS,Synthetic Browser,1920 x 1080,1440 x 900,,,,Vision Check,SYNTHETIC,G1,spreadsheet,spreadsheet,1,Display 1,Screen 1,,,response,12,,,,1434.0,,,1434.0,1,1434.0,,,,,,,Display 1,12,12,Q1_answer
30,1789992210000,21/09/2026 12:03:30,1789992210000,1,21/09/2026 13:03:30,229051,38,synthetic-vision,,SYN-S1-S1_PRIV_008,BLINDED,S1_PRIV_008,,complete,SYNTHETIC,,computer,Synthetic desktop,Synthetic OS,Synthetic Browser,1920 x 1080,1440 x 900,,,,Vision Check,SYNTHETIC,G1,spreadsheet,spreadsheet,1,Display 2,Screen 1,,,response,16,,,,1740.2,,,1740.2,1,1740.2,,,,,,,Display 2,16,16,Q2_answer
31,1789992217000,21/09/2026 12:03:37,1789992217000,1,21/09/2026 13:03:37,229051,38,synthetic-vision,,SYN-S1-S1_PRIV_008,BLINDED,S1_PRIV_008,,complete,SYNTHETIC,,computer,Synthetic desktop,Synthetic OS,Synthetic Browser,1920 x 1080,1440 x 900,,,,Vision Check,SYNTHETIC,G1,spreadsheet,spreadsheet,1,Display 3,Screen 1,,,response,29,,,,3280.6,,,3280.6,1,3280.6,,,,,,,Display 3,29,29,Q3_answer
32,1789992224000,21/09/2026 12:03:44,1789992224000,1,21/09/2026 13:03:44,229051,38,synthetic-vision,,SYN-S1-S1_PRIV_008,BLINDED,S1_PRIV_008,,complete,SYNTHETIC,,computer,Synthetic desktop,Synthetic OS,Synthetic Browser,1920 x 1080,1440 x 900,,,,Vision Check,SYNTHETIC,G1,spreadsheet,spreadsheet,1,Display 4,Screen 1,,,response,26,,,,3813.4,,,3813.4,1,3813.4,,,,,,,Display 4,26,26,Q4_answer
33,1789992231000,21/09/2026 12:03:51,1789992231000,1,21/09/2026 13:03:51,229051,38,synthetic-vision,,SYN-S1-S1_PRIV_009,BLINDED,S1_PRIV_009,,complete,SYNTHETIC,,computer,Synthetic desktop,Synthetic OS,Synthetic Browser,1920 x 1080,1440 x 900,,,,Vision Check,SYNTHETIC,G1,spreadsheet,spreadsheet,1,Display 1,Screen 1,,,response,12,,,,2046.1,,,2046.1,1,2046.1,,,,,,,Display 1,12,12,Q1_answer
34,1789992238000,21/09/2026 12:03:58,1789992238000,1,21/09/2026 13:03:58,229051,38,synthetic-vision,,SYN-S1-S1_PRIV_009,BLINDED,S1_PRIV_009,,complete,SYNTHETIC,,computer,Synthetic desktop,Synthetic OS,Synthetic Browser,1920 x 1080,1440 x 900,,,,Vision Check,SYNTHETIC,G1,spreadsheet,spreadsheet,1,Display 2,Screen 1,,,response,16,,,,3093.0,,,3093.0,1,3093.0,,,,,,,Display 2,16,16,Q2_answer
35,1789992245000,21/09/2026 12:04:05,1789992245000,1,21/09/2026 13:04:05,229051,38,synthetic-vision,,SYN-S1-S1_PRIV_009,BLINDED,S1_PRIV_009,,complete,SYNTHETIC,,computer,Synthetic desktop,Synthetic OS,Synthetic Browser,1920 x 1080,1440 x 900,,,,Vision Check,SYNTHETIC,G1,spreadsheet,spreadsheet,1,Display 3,Screen 1,,,response,29,,,,3695.9,,,3695.9,1,3695.9,,,,,,,Display 3,29,29,Q3_answer
36,1789992252000,21/09/2026 12:04:12,1789992252000,1,21/09/2026 13:04:12,229051,38,synthetic-vision,,SYN-S1-S1_PRIV_009,BLINDED,S1_PRIV_009,,complete,SYNTHETIC,,computer,Synthetic desktop,Synthetic OS,Synthetic Browser,1920 x 1080,1440 x 900,,,,Vision Check,SYNTHETIC,G1,spreadsheet,spreadsheet,1,Display 4,Screen 1,,,response,26,,,,6906.2,,,6906.2,1,6906.2,,,,,,,Display 4,26,26,Q4_answer
37,1789992259000,21/09/2026 12:04:19,1789992259000,1,21/09/2026 13:04:19,229051,38,synthetic-vision,,SYN-S1-S1_PRIV_010,BLINDED,S1_PRIV_010,,complete,SYNTHETIC,,computer,Synthetic desktop,Synthetic OS,Synthetic Browser,1920 x 1080,1440 x 900,,,,Vision Check,SYNTHETIC,G1,spreadsheet,spreadsheet,1,Display 1,Screen 1,,,response,12,,,,1696.8,,,1696.8,1,1696.8,,,,,,,Display 1,12,12,Q1_answer
38,1789992266000,21/09/2026 12:04:26,1789992266000,1,21/09/2026 13:04:26,229051,38,synthetic-vision,,SYN-S1-S1_PRIV_010,BLINDED,S1_PRIV_010,,complete,SYNTHETIC,,computer,Synthetic desktop,Synthetic OS,Synthetic Browser,1920 x 1080,1440 x 900,,,,Vision Check,SYNTHETIC,G1,spreadsheet,spreadsheet,1,Display 2,Screen 1,,,response,16,,,,1338.2,,,1338.2,1,1338.2,,,,,,,Display 2,16,16,Q2_answer
39,1789992273000,21/09/2026 12:04:33,1789992273000,1,21/09/2026 13:04:33,229051,38,synthetic-vision,,SYN-S1-S1_PRIV_010,BLINDED,S1_PRIV_010,,complete,SYNTHETIC,,computer,Synthetic desktop,Synthetic OS,Synthetic Browser,1920 x 1080,1440 x 900,,,,Vision Check,SYNTHETIC,G1,spreadsheet,spreadsheet,1,Display 3,Screen 1,,,response,29,,,,1253.9,,,1253.9,1,1253.9,,,,,,,Display 3,29,29,Q3_answer
40,1789992280000,21/09/2026 12:04:40,1789992280000,1,21/09/2026 13:04:40,229051,38,synthetic-vision,,SYN-S1-S1_PRIV_010,BLINDED,S1_PRIV_010,,complete,SYNTHETIC,,computer,Synthetic desktop,Synthetic OS,Synthetic Browser,1920 x 1080,1440 x 900,,,,Vision Check,SYNTHETIC,G1,spreadsheet,spreadsheet,1,Display 4,Screen 1,,,response,26,,,,2891.7,,,2891.7,1,2891.7,,,,,,,Display 4,26,26,Q4_answer
41,1789992287000,21/09/2026 12:04:47,1789992287000,1,21/09/2026 13:04:47,229051,38,synthetic-vision,,SYN-S1-S1_PRIV_011,BLINDED,S1_PRIV_011,,complete,SYNTHETIC,,computer,Synthetic desktop,Synthetic OS,Synthetic Browser,1920 x 1080,1440 x 900,,,,Vision Check,SYNTHETIC,G1,spreadsheet,spreadsheet,1,Display 1,Screen 1,,,response,12,,,,5511.4,,,5511.4,1,5511.4,,,,,,,Display 1,12,12,Q1_answer
42,1789992294000,21/09/2026 12:04:54,1789992294000,1,21/09/2026 13:04:54,229051,38,synthetic-vision,,SYN-S1-S1_PRIV_011,BLINDED,S1_PRIV_011,,complete,SYNTHETIC,,computer,Synthetic desktop,Synthetic OS,Synthetic Browser,1920 x 1080,1440 x 900,,,,Vision Check,SYNTHETIC,G1,spreadsheet,spreadsheet,1,Display 2,Screen 1,,,response,16,,,,2696.4,,,2696.4,1,2696.4,,,,,,,Display 2,16,16,Q2_answer
43,1789992301000,21/09/2026 12:05:01,1789992301000,1,21/09/2026 13:05:01,229051,38,synthetic-vision,,SYN-S1-S1_PRIV_011,BLINDED,S1_PRIV_011,,complete,SYNTHETIC,,computer,Synthetic desktop,Synthetic OS,Synthetic Browser,1920 x 1080,1440 x 900,,,,Vision Check,SYNTHETIC,G1,spreadsheet,spreadsheet,1,Display 3,Screen 1,,,response,29,,,,3025.2,,,3025.2,1,3025.2,,,,,,,Display 3,29,29,Q3_answer
44,1789992308000,21/09/2026 12:05:08,1789992308000,1,21/09/2026 13:05:08,229051,38,synthetic-vision,,SYN-S1-S1_PRIV_011,BLINDED,S1_PRIV_011,,complete,SYNTHETIC,,computer,Synthetic desktop,Synthetic OS,Synthetic Browser,1920 x 1080,1440 x 900,,,,Vision Check,SYNTHETIC,G1,spreadsheet,spreadsheet,1,Display 4,Screen 1,,,response,26,,,,2351.5,,,2351.5,1,2351.5,,,,,,,Display 4,26,26,Q4_answer
45,1789992315000,21/09/2026 12:05:15,1789992315000,1,21/09/2026 13:05:15,229051,38,synthetic-vision,,SYN-S1-S1_PRIV_012,BLINDED,S1_PRIV_012,,complete,SYNTHETIC,,computer,Synthetic desktop,Synthetic OS,Synthetic Browser,1920 x 1080,1440 x 900,,,,Vision Check,SYNTHETIC,G1,spreadsheet,spreadsheet,1,Display 1,Screen 1,,,response,12,,,,4227.0,,,4227.0,1,4227.0,,,,,,,Display 1,12,12,Q1_answer
46,1789992322000,21/09/2026 12:05:22,1789992322000,1,21/09/2026 13:05:22,229051,38,synthetic-vision,,SYN-S1-S1_PRIV_012,BLINDED,S1_PRIV_012,,complete,SYNTHETIC,,computer,Synthetic desktop,Synthetic OS,Synthetic Browser,1920 x 1080,1440 x 900,,,,Vision Check,SYNTHETIC,G1,spreadsheet,spreadsheet,1,Display 2,Screen 1,,,response,16,,,,2378.0,,,2378.0,1,2378.0,,,,,,,Display 2,16,16,Q2_answer
47,1789992329000,21/09/2026 12:05:29,1789992329000,1,21/09/2026 13:05:29,229051,38,synthetic-vision,,SYN-S1-S1_PRIV_012,BLINDED,S1_PRIV_012,,complete,SYNTHETIC,,computer,Synthetic desktop,Synthetic OS,Synthetic Browser,1920 x 1080,1440 x 900,,,,Vision Check,SYNTHETIC,G1,spreadsheet,spreadsheet,1,Display 3,Screen 1,,,response,29,,,,2783.0,,,2783.0,1,2783.0,,,,,,,Display 3,29,29,Q3_answer
48,1789992336000,21/09/2026 12:05:36,1789992336000,1,21/09/2026 13:05:36,229051,38,synthetic-vision,,SYN-S1-S1_PRIV_012,BLINDED,S1_PRIV_012,,complete,SYNTHETIC,,computer,Synthetic desktop,Synthetic OS,Synthetic Browser,1920 x 1080,1440 x 900,,,,Vision Check,SYNTHETIC,G1,spreadsheet,spreadsheet,1,Display 4,Screen 1,,,response,26,,,,3922.0,,,3922.0,1,3922.0,,,,,,,Display 4,26,26,Q4_answer
49,1789992343000,21/09/2026 12:05:43,1789992343000,1,21/09/2026 13:05:43,229051,38,synthetic-vision,,SYN-S1-S1_PRIV_013,BLINDED,S1_PRIV_013,,complete,SYNTHETIC,,computer,Synthetic desktop,Synthetic OS,Synthetic Browser,1920 x 1080,1440 x 900,,,,Vision Check,SYNTHETIC,G1,spreadsheet,spreadsheet,1,Display 1,Screen 1,,,response,12,,,,2801.1,,,2801.1,1,2801.1,,,,,,,Display 1,12,12,Q1_answer
50,1789992350000,21/09/2026 12:05:50,1789992350000,1,21/09/2026 13:05:50,229051,38,synthetic-vision,,SYN-S1-S1_PRIV_013,BLINDED,S1_PRIV_013,,complete,SYNTHETIC,,computer,Synthetic desktop,Synthetic OS,Synthetic Browser,1920 x 1080,1440 x 900,,,,Vision Check,SYNTHETIC,G1,spreadsheet,spreadsheet,1,Display 2,Screen 1,,,response,16,,,,5222.0,,,5222.0,1,5222.0,,,,,,,Display 2,16,16,Q2_answer
51,1789992357000,21/09/2026 12:05:57,1789992357000,1,21/09/2026 13:05:57,229051,38,synthetic-vision,,SYN-S1-S1_PRIV_013,BLINDED,S1_PRIV_013,,complete,SYNTHETIC,,computer,Synthetic desktop,Synthetic OS,Synthetic Browser,1920 x 1080,1440 x 900,,,,Vision Check,SYNTHETIC,G1,spreadsheet,spreadsheet,1,Display 3,Screen 1,,,response,29,,,,2118.8,,,2118.8,1,2118.8,,,,,,,Display 3,29,29,Q3_answer
52,1789992364000,21/09/2026 12:06:04,1789992364000,1,21/09/2026 13:06:04,229051,38,synthetic-vision,,SYN-S1-S1_PRIV_013,BLINDED,S1_PRIV_013,,complete,SYNTHETIC,,computer,Synthetic desktop,Synthetic OS,Synthetic Browser,1920 x 1080,1440 x 900,,,,Vision Check,SYNTHETIC,G1,spreadsheet,spreadsheet,1,Display 4,Screen 1,,,response,26,,,,1605.0,,,1605.0,1,1605.0,,,,,,,Display 4,26,26,Q4_answer
53,1789992371000,21/09/2026 12:06:11,1789992371000,1,21/09/2026 13:06:11,229051,38,synthetic-vision,,SYN-S1-S1_PRIV_014,BLINDED,S1_PRIV_014,,complete,SYNTHETIC,,computer,Synthetic desktop,Synthetic OS,Synthetic Browser,1920 x 1080,1440 x 900,,,,Vision Check,SYNTHETIC,G1,spreadsheet,spreadsheet,1,Display 1,Screen 1,,,response,12,,,,2429.5,,,2429.5,1,2429.5,,,,,,,Display 1,12,12,Q1_answer
54,1789992378000,21/09/2026 12:06:18,1789992378000,1,21/09/2026 13:06:18,229051,38,synthetic-vision,,SYN-S1-S1_PRIV_014,BLINDED,S1_PRIV_014,,complete,SYNTHETIC,,computer,Synthetic desktop,Synthetic OS,Synthetic Browser,1920 x 1080,1440 x 900,,,,Vision Check,SYNTHETIC,G1,spreadsheet,spreadsheet,1,Display 2,Screen 1,,,response,16,,,,2598.0,,,2598.0,1,2598.0,,,,,,,Display 2,16,16,Q2_answer
55,1789992385000,21/09/2026 12:06:25,1789992385000,1,21/09/2026 13:06:25,229051,38,synthetic-vision,,SYN-S1-S1_PRIV_014,BLINDED,S1_PRIV_014,,complete,SYNTHETIC,,computer,Synthetic desktop,Synthetic OS,Synthetic Browser,1920 x 1080,1440 x 900,,,,Vision Check,SYNTHETIC,G1,spreadsheet,spreadsheet,1,Display 3,Screen 1,,,response,29,,,,5894.7,,,5894.7,1,5894.7,,,,,,,Display 3,29,29,Q3_answer
56,1789992392000,21/09/2026 12:06:32,1789992392000,1,21/09/2026 13:06:32,229051,38,synthetic-vision,,SYN-S1-S1_PRIV_014,BLINDED,S1_PRIV_014,,complete,SYNTHETIC,,computer,Synthetic desktop,Synthetic OS,Synthetic Browser,1920 x 1080,1440 x 900,,,,Vision Check,SYNTHETIC,G1,spreadsheet,spreadsheet,1,Display 4,Screen 1,,,response,26,,,,2170.2,,,2170.2,1,2170.2,,,,,,,Display 4,26,26,Q4_answer
57,1789992399000,21/09/2026 12:06:39,1789992399000,1,21/09/2026 13:06:39,229051,38,synthetic-vision,,SYN-S1-S1_PRIV_015,BLINDED,S1_PRIV_015,,complete,SYNTHETIC,,computer,Synthetic desktop,Synthetic OS,Synthetic Browser,1920 x 1080,1440 x 900,,,,Vision Check,SYNTHETIC,G1,spreadsheet,spreadsheet,1,Display 1,Screen 1,,,response,12,,,,5721.5,,,5721.5,1,5721.5,,,,,,,Display 1,12,12,Q1_answer
58,1789992406000,21/09/2026 12:06:46,1789992406000,1,21/09/2026 13:06:46,229051,38,synthetic-vision,,SYN-S1-S1_PRIV_015,BLINDED,S1_PRIV_015,,complete,SYNTHETIC,,computer,Synthetic desktop,Synthetic OS,Synthetic Browser,1920 x 1080,1440 x 900,,,,Vision Check,SYNTHETIC,G1,spreadsheet,spreadsheet,1,Display 2,Screen 1,,,response,16,,,,2763.3,,,2763.3,1,2763.3,,,,,,,Display 2,16,16,Q2_answer
59,1789992413000,21/09/2026 12:06:53,1789992413000,1,21/09/2026 13:06:53,229051,38,synthetic-vision,,SYN-S1-S1_PRIV_015,BLINDED,S1_PRIV_015,,complete,SYNTHETIC,,computer,Synthetic desktop,Synthetic OS,Synthetic Browser,1920 x 1080,1440 x 900,,,,Vision Check,SYNTHETIC,G1,spreadsheet,spreadsheet,1,Display 3,Screen 1,,,response,29,,,,2588.5,,,2588.5,1,2588.5,,,,,,,Display 3,29,29,Q3_answer
60,1789992420000,21/09/2026 12:07:00,1789992420000,1,21/09/2026 13:07:00,229051,38,synthetic-vision,,SYN-S1-S1_PRIV_015,BLINDED,S1_PRIV_015,,complete,SYNTHETIC,,computer,Synthetic desktop,Synthetic OS,Synthetic Browser,1920 x 1080,1440 x 900,,,,Vision Check,SYNTHETIC,G1,spreadsheet,spreadsheet,1,Display 4,Screen 1,,,response,26,,,,3668.1,,,3668.1,1,3668.1,,,,,,,Display 4,26,26,Q4_answer
61,1789992427000,21/09/2026 12:07:07,1789992427000,1,21/09/2026 13:07:07,229051,38,synthetic-vision,,SYN-S1-S1_PRIV_016,BLINDED,S1_PRIV_016,,complete,SYNTHETIC,,computer,Synthetic desktop,Synthetic OS,Synthetic Browser,1920 x 1080,1440 x 900,,,,Vision Check,SYNTHETIC,G1,spreadsheet,spreadsheet,1,Display 1,Screen 1,,,response,12,,,,1627.8,,,1627.8,1,1627.8,,,,,,,Display 1,12,12,Q1_answer
62,1789992434000,21/09/2026 12:07:14,1789992434000,1,21/09/2026 13:07:14,229051,38,synthetic-vision,,SYN-S1-S1_PRIV_016,BLINDED,S1_PRIV_016,,complete,SYNTHETIC,,computer,Synthetic desktop,Synthetic OS,Synthetic Browser,1920 x 1080,1440 x 900,,,,Vision Check,SYNTHETIC,G1,spreadsheet,spreadsheet,1,Display 2,Screen 1,,,response,16,,,,1835.9,,,1835.9,1,1835.9,,,,,,,Display 2,16,16,Q2_answer
63,1789992441000,21/09/2026 12:07:21,1789992441000,1,21/09/2026 13:07:21,229051,38,synthetic-vision,,SYN-S1-S1_PRIV_016,BLINDED,S1_PRIV_016,,complete,SYNTHETIC,,computer,Synthetic desktop,Synthetic OS,Synthetic Browser,1920 x 1080,1440 x 900,,,,Vision Check,SYNTHETIC,G1,spreadsheet,spreadsheet,1,Display 3,Screen 1,,,response,29,,,,3335.5,,,3335.5,1,3335.5,,,,,,,Display 3,29,29,Q3_answer
64,1789992448000,21/09/2026 12:07:28,1789992448000,1,21/09/2026 13:07:28,229051,38,synthetic-vision,,SYN-S1-S1_PRIV_016,BLINDED,S1_PRIV_016,,complete,SYNTHETIC,,computer,Synthetic desktop,Synthetic OS,Synthetic Browser,1920 x 1080,1440 x 900,,,,Vision Check,SYNTHETIC,G1,spreadsheet,spreadsheet,1,Display 4,Screen 1,,,response,26,,,,4253.2,,,4253.2,1,4253.2,,,,,,,Display 4,26,26,Q4_answer
65,1789992455000,21/09/2026 12:07:35,1789992455000,1,21/09/2026 13:07:35,229051,38,synthetic-vision,,SYN-S1-S1_PRIV_017,BLINDED,S1_PRIV_017,,complete,SYNTHETIC,,computer,Synthetic desktop,Synthetic OS,Synthetic Browser,1920 x 1080,1440 x 900,,,,Vision Check,SYNTHETIC,G1,spreadsheet,spreadsheet,1,Display 1,Screen 1,,,response,12,,,,2348.1,,,2348.1,1,2348.1,,,,,,,Display 1,12,12,Q1_answer
66,1789992462000,21/09/2026 12:07:42,1789992462000,1,21/09/2026 13:07:42,229051,38,synthetic-vision,,SYN-S1-S1_PRIV_017,BLINDED,S1_PRIV_017,,complete,SYNTHETIC,,computer,Synthetic desktop,Synthetic OS,Synthetic Browser,1920 x 1080,1440 x 900,,,,Vision Check,SYNTHETIC,G1,spreadsheet,spreadsheet,1,Display 2,Screen 1,,,response,16,,,,2346.7,,,2346.7,1,2346.7,,,,,,,Display 2,16,16,Q2_answer
67,1789992469000,21/09/2026 12:07:49,1789992469000,1,21/09/2026 13:07:49,229051,38,synthetic-vision,,SYN-S1-S1_PRIV_017,BLINDED,S1_PRIV_017,,complete,SYNTHETIC,,computer,Synthetic desktop,Synthetic OS,Synthetic Browser,1920 x 1080,1440 x 900,,,,Vision Check,SYNTHETIC,G1,spreadsheet,spreadsheet,1,Display 3,Screen 1,,,response,29,,,,2372.9,,,2372.9,1,2372.9,,,,,,,Display 3,29,29,Q3_answer
68,1789992476000,21/09/2026 12:07:56,1789992476000,1,21/09/2026 13:07:56,229051,38,synthetic-vision,,SYN-S1-S1_PRIV_017,BLINDED,S1_PRIV_017,,complete,SYNTHETIC,,computer,Synthetic desktop,Synthetic OS,Synthetic Browser,1920 x 1080,1440 x 900,,,,Vision Check,SYNTHETIC,G1,spreadsheet,spreadsheet,1,Display 4,Screen 1,,,response,26,,,,4975.0,,,4975.0,1,4975.0,,,,,,,Display 4,26,26,Q4_answer
69,1789992483000,21/09/2026 12:08:03,1789992483000,1,21/09/2026 13:08:03,229051,38,synthetic-vision,,SYN-S1-S1_PRIV_018,BLINDED,S1_PRIV_018,,complete,SYNTHETIC,,computer,Synthetic desktop,Synthetic OS,Synthetic Browser,1920 x 1080,1440 x 900,,,,Vision Check,SYNTHETIC,G1,spreadsheet,spreadsheet,1,Display 1,Screen 1,,,response,12,,,,4723.6,,,4723.6,1,4723.6,,,,,,,Display 1,12,12,Q1_answer
70,1789992490000,21/09/2026 12:08:10,1789992490000,1,21/09/2026 13:08:10,229051,38,synthetic-vision,,SYN-S1-S1_PRIV_018,BLINDED,S1_PRIV_018,,complete,SYNTHETIC,,computer,Synthetic desktop,Synthetic OS,Synthetic Browser,1920 x 1080,1440 x 900,,,,Vision Check,SYNTHETIC,G1,spreadsheet,spreadsheet,1,Display 2,Screen 1,,,response,16,,,,3721.7,,,3721.7,1,3721.7,,,,,,,Display 2,16,16,Q2_answer
71,1789992497000,21/09/2026 12:08:17,1789992497000,1,21/09/2026 13:08:17,229051,38,synthetic-vision,,SYN-S1-S1_PRIV_018,BLINDED,S1_PRIV_018,,complete,SYNTHETIC,,computer,Synthetic desktop,Synthetic OS,Synthetic Browser,1920 x 1080,1440 x 900,,,,Vision Check,SYNTHETIC,G1,spreadsheet,spreadsheet,1,Display 3,Screen 1,,,response,29,,,,2689.1,,,2689.1,1,2689.1,,,,,,,Display 3,29,29,Q3_answer
72,1789992504000,21/09/2026 12:08:24,1789992504000,1,21/09/2026 13:08:24,229051,38,synthetic-vision,,SYN-S1-S1_PRIV_018,BLINDED,S1_PRIV_018,,complete,SYNTHETIC,,computer,Synthetic desktop,Synthetic OS,Synthetic Browser,1920 x 1080,1440 x 900,,,,Vision Check,SYNTHETIC,G1,spreadsheet,spreadsheet,1,Display 4,Screen 1,,,response,26,,,,2837.1,,,2837.1,1,2837.1,,,,,,,Display 4,26,26,Q4_answer
73,1789992511000,21/09/2026 12:08:31,1789992511000,1,21/09/2026 13:08:31,229051,38,synthetic-vision,,SYN-S1-S1_PRIV_019,BLINDED,S1_PRIV_019,,complete,SYNTHETIC,,computer,Synthetic desktop,Synthetic OS,Synthetic Browser,1920 x 1080,1440 x 900,,,,Vision Check,SYNTHETIC,G1,spreadsheet,spreadsheet,1,Display 1,Screen 1,,,response,12,,,,3488.1,,,3488.1,1,3488.1,,,,,,,Display 1,12,12,Q1_answer
74,1789992518000,21/09/2026 12:08:38,1789992518000,1,21/09/2026 13:08:38,229051,38,synthetic-vision,,SYN-S1-S1_PRIV_019,BLINDED,S1_PRIV_019,,complete,SYNTHETIC,,computer,Synthetic desktop,Synthetic OS,Synthetic Browser,1920 x 1080,1440 x 900,,,,Vision Check,SYNTHETIC,G1,spreadsheet,spreadsheet,1,Display 2,Screen 1,,,response,16,,,,2524.4,,,2524.4,1,2524.4,,,,,,,Display 2,16,16,Q2_answer
75,1789992525000,21/09/2026 12:08:45,1789992525000,1,21/09/2026 13:08:45,229051,38,synthetic-vision,,SYN-S1-S1_PRIV_019,BLINDED,S1_PRIV_019,,complete,SYNTHETIC,,computer,Synthetic desktop,Synthetic OS,Synthetic Browser,1920 x 1080,1440 x 900,,,,Vision Check,SYNTHETIC,G1,spreadsheet,spreadsheet,1,Display 3,Screen 1,,,response,29,,,,2154.3,,,2154.3,1,2154.3,,,,,,,Display 3,29,29,Q3_answer
76,1789992532000,21/09/2026 12:08:52,1789992532000,1,21/09/2026 13:08:52,229051,38,synthetic-vision,,SYN-S1-S1_PRIV_019,BLINDED,S1_PRIV_019,,complete,SYNTHETIC,,computer,Synthetic desktop,Synthetic OS,Synthetic Browser,1920 x 1080,1440 x 900,,,,Vision Check,SYNTHETIC,G1,spreadsheet,spreadsheet,1,Display 4,Screen 1,,,response,26,,,,4593.1,,,4593.1,1,4593.1,,,,,,,Display 4,26,26,Q4_answer
77,1789992539000,21/09/2026 12:08:59,1789992539000,1,21/09/2026 13:08:59,229051,38,synthetic-vision,,SYN-S1-S1_PRIV_020,BLINDED,S1_PRIV_020,,complete,SYNTHETIC,,computer,Synthetic desktop,Synthetic OS,Synthetic Browser,1920 x 1080,1440 x 900,,,,Vision Check,SYNTHETIC,G1,spreadsheet,spreadsheet,1,Display 1,Screen 1,,,response,12,,,,2751.1,,,2751.1,1,2751.1,,,,,,,Display 1,12,12,Q1_answer
78,1789992546000,21/09/2026 12:09:06,1789992546000,1,21/09/2026 13:09:06,229051,38,synthetic-vision,,SYN-S1-S1_PRIV_020,BLINDED,S1_PRIV_020,,complete,SYNTHETIC,,computer,Synthetic desktop,Synthetic OS,Synthetic Browser,1920 x 1080,1440 x 900,,,,Vision Check,SYNTHETIC,G1,spreadsheet,spreadsheet,1,Display 2,Screen 1,,,response,16,,,,1582.3,,,1582.3,1,1582.3,,,,,,,Display 2,16,16,Q2_answer
79,1789992553000,21/09/2026 12:09:13,1789992553000,1,21/09/2026 13:09:13,229051,38,synthetic-vision,,SYN-S1-S1_PRIV_020,BLINDED,S1_PRIV_020,,complete,SYNTHETIC,,computer,Synthetic desktop,Synthetic OS,Synthetic Browser,1920 x 1080,1440 x 900,,,,Vision Check,SYNTHETIC,G1,spreadsheet,spreadsheet,1,Display 3,Screen 1,,,response,29,,,,4025.9,,,4025.9,1,4025.9,,,,,,,Display 3,29,29,Q3_answer
80,1789992560000,21/09/2026 12:09:20,1789992560000,1,21/09/2026 13:09:20,229051,38,synthetic-vision,,SYN-S1-S1_PRIV_020,BLINDED,S1_PRIV_020,,complete,SYNTHETIC,,computer,Synthetic desktop,Synthetic OS,Synthetic Browser,1920 x 1080,1440 x 900,,,,Vision Check,SYNTHETIC,G1,spreadsheet,spreadsheet,1,Display 4,Screen 1,,,response,26,,,,2515.6,,,2515.6,1,2515.6,,,,,,,Display 4,26,26,Q4_answer
81,1789992567000,21/09/2026 12:09:27,1789992567000,1,21/09/2026 13:09:27,229051,38,synthetic-vision,,SYN-S1-S1_PRIV_021,BLINDED,S1_PRIV_021,,complete,SYNTHETIC,,computer,Synthetic desktop,Synthetic OS,Synthetic Browser,1920 x 1080,1440 x 900,,,,Vision Check,SYNTHETIC,G1,spreadsheet,spreadsheet,1,Display 1,Screen 1,,,response,12,,,,3302.9,,,3302.9,1,3302.9,,,,,,,Display 1,12,12,Q1_answer
82,1789992574000,21/09/2026 12:09:34,1789992574000,1,21/09/2026 13:09:34,229051,38,synthetic-vision,,SYN-S1-S1_PRIV_021,BLINDED,S1_PRIV_021,,complete,SYNTHETIC,,computer,Synthetic desktop,Synthetic OS,Synthetic Browser,1920 x 1080,1440 x 900,,,,Vision Check,SYNTHETIC,G1,spreadsheet,spreadsheet,1,Display 2,Screen 1,,,response,16,,,,2108.3,,,2108.3,1,2108.3,,,,,,,Display 2,16,16,Q2_answer
83,1789992581000,21/09/2026 12:09:41,1789992581000,1,21/09/2026 13:09:41,229051,38,synthetic-vision,,SYN-S1-S1_PRIV_021,BLINDED,S1_PRIV_021,,complete,SYNTHETIC,,computer,Synthetic desktop,Synthetic OS,Synthetic Browser,1920 x 1080,1440 x 900,,,,Vision Check,SYNTHETIC,G1,spreadsheet,spreadsheet,1,Display 3,Screen 1,,,response,29,,,,6431.9,,,6431.9,1,6431.9,,,,,,,Display 3,29,29,Q3_answer
84,1789992588000,21/09/2026 12:09:48,1789992588000,1,21/09/2026 13:09:48,229051,38,synthetic-vision,,SYN-S1-S1_PRIV_021,BLINDED,S1_PRIV_021,,complete,SYNTHETIC,,computer,Synthetic desktop,Synthetic OS,Synthetic Browser,1920 x 1080,1440 x 900,,,,Vision Check,SYNTHETIC,G1,spreadsheet,spreadsheet,1,Display 4,Screen 1,,,response,26,,,,2032.9,,,2032.9,1,2032.9,,,,,,,Display 4,26,26,Q4_answer
85,1789992595000,21/09/2026 12:09:55,1789992595000,1,21/09/2026 13:09:55,229051,38,synthetic-vision,,SYN-S1-S1_PRIV_022,BLINDED,S1_PRIV_022,,complete,SYNTHETIC,,computer,Synthetic desktop,Synthetic OS,Synthetic Browser,1920 x 1080,1440 x 900,,,,Vision Check,SYNTHETIC,G1,spreadsheet,spreadsheet,1,Display 1,Screen 1,,,response,12,,,,2598.2,,,2598.2,1,2598.2,,,,,,,Display 1,12,12,Q1_answer
86,1789992602000,21/09/2026 12:10:02,1789992602000,1,21/09/2026 13:10:02,229051,38,synthetic-vision,,SYN-S1-S1_PRIV_022,BLINDED,S1_PRIV_022,,complete,SYNTHETIC,,computer,Synthetic desktop,Synthetic OS,Synthetic Browser,1920 x 1080,1440 x 900,,,,Vision Check,SYNTHETIC,G1,spreadsheet,spreadsheet,1,Display 2,Screen 1,,,response,16,,,,1850.1,,,1850.1,1,1850.1,,,,,,,Display 2,16,16,Q2_answer
87,1789992609000,21/09/2026 12:10:09,1789992609000,1,21/09/2026 13:10:09,229051,38,synthetic-vision,,SYN-S1-S1_PRIV_022,BLINDED,S1_PRIV_022,,complete,SYNTHETIC,,computer,Synthetic desktop,Synthetic OS,Synthetic Browser,1920 x 1080,1440 x 900,,,,Vision Check,SYNTHETIC,G1,spreadsheet,spreadsheet,1,Display 3,Screen 1,,,response,29,,,,1636.8,,,1636.8,1,1636.8,,,,,,,Display 3,29,29,Q3_answer
88,1789992616000,21/09/2026 12:10:16,1789992616000,1,21/09/2026 13:10:16,229051,38,synthetic-vision,,SYN-S1-S1_PRIV_022,BLINDED,S1_PRIV_022,,complete,SYNTHETIC,,computer,Synthetic desktop,Synthetic OS,Synthetic Browser,1920 x 1080,1440 x 900,,,,Vision Check,SYNTHETIC,G1,spreadsheet,spreadsheet,1,Display 4,Screen 1,,,response,26,,,,3991.7,,,3991.7,1,3991.7,,,,,,,Display 4,26,26,Q4_answer
89,1789992623000,21/09/2026 12:10:23,1789992623000,1,21/09/2026 13:10:23,229051,38,synthetic-vision,,SYN-S1-S1_PRIV_023,BLINDED,S1_PRIV_023,,complete,SYNTHETIC,,computer,Synthetic desktop,Synthetic OS,Synthetic Browser,1920 x 1080,1440 x 900,,,,Vision Check,SYNTHETIC,G1,spreadsheet,spreadsheet,1,Display 1,Screen 1,,,response,12,,,,2018.2,,,2018.2,1,2018.2,,,,,,,Display 1,12,12,Q1_answer
90,1789992630000,21/09/2026 12:10:30,1789992630000,1,21/09/2026 13:10:30,229051,38,synthetic-vision,,SYN-S1-S1_PRIV_023,BLINDED,S1_PRIV_023,,complete,SYNTHETIC,,computer,Synthetic desktop,Synthetic OS,Synthetic Browser,1920 x 1080,1440 x 900,,,,Vision Check,SYNTHETIC,G1,spreadsheet,spreadsheet,1,Display 2,Screen 1,,,response,16,,,,4061.3,,,4061.3,1,4061.3,,,,,,,Display 2,16,16,Q2_answer
91,1789992637000,21/09/2026 12:10:37,1789992637000,1,21/09/2026 13:10:37,229051,38,synthetic-vision,,SYN-S1-S1_PRIV_023,BLINDED,S1_PRIV_023,,complete,SYNTHETIC,,computer,Synthetic desktop,Synthetic OS,Synthetic Browser,1920 x 1080,1440 x 900,,,,Vision Check,SYNTHETIC,G1,spreadsheet,spreadsheet,1,Display 3,Screen 1,,,response,29,,,,2680.2,,,2680.2,1,2680.2,,,,,,,Display 3,29,29,Q3_answer
92,1789992644000,21/09/2026 12:10:44,1789992644000,1,21/09/2026 13:10:44,229051,38,synthetic-vision,,SYN-S1-S1_PRIV_023,BLINDED,S1_PRIV_023,,complete,SYNTHETIC,,computer,Synthetic desktop,Synthetic OS,Synthetic Browser,1920 x 1080,1440 x 900,,,,Vision Check,SYNTHETIC,G1,spreadsheet,spreadsheet,1,Display 4,Screen 1,,,response,26,,,,2619.2,,,2619.2,1,2619.2,,,,,,,Display 4,26,26,Q4_answer
93,1789992651000,21/09/2026 12:10:51,1789992651000,1,21/09/2026 13:10:51,229051,38,synthetic-vision,,SYN-S1-S1_PRIV_024,BLINDED,S1_PRIV_024,,complete,SYNTHETIC,,computer,Synthetic desktop,Synthetic OS,Synthetic Browser,1920 x 1080,1440 x 900,,,,Vision Check,SYNTHETIC,G1,spreadsheet,spreadsheet,1,Display 1,Screen 1,,,response,12,,,,5610.2,,,5610.2,1,5610.2,,,,,,,Display 1,12,12,Q1_answer
94,1789992658000,21/09/2026 12:10:58,1789992658000,1,21/09/2026 13:10:58,229051,38,synthetic-vision,,SYN-S1-S1_PRIV_024,BLINDED,S1_PRIV_024,,complete,SYNTHETIC,,computer,Synthetic desktop,Synthetic OS,Synthetic Browser,1920 x 1080,1440 x 900,,,,Vision Check,SYNTHETIC,G1,spreadsheet,spreadsheet,1,Display 2,Screen 1,,,response,16,,,,3050.2,,,3050.2,1,3050.2,,,,,,,Display 2,16,16,Q2_answer
95,1789992665000,21/09/2026 12:11:05,1789992665000,1,21/09/2026 13:11:05,229051,38,synthetic-vision,,SYN-S1-S1_PRIV_024,BLINDED,S1_PRIV_024,,complete,SYNTHETIC,,computer,Synthetic desktop,Synthetic OS,Synthetic Browser,1920 x 1080,1440 x 900,,,,Vision Check,SYNTHETIC,G1,spreadsheet,spreadsheet,1,Display 3,Screen 1,,,response,29,,,,2097.5,,,2097.5,1,2097.5,,,,,,,Display 3,29,29,Q3_answer
96,1789992672000,21/09/2026 12:11:12,1789992672000,1,21/09/2026 13:11:12,229051,38,synthetic-vision,,SYN-S1-S1_PRIV_024,BLINDED,S1_PRIV_024,,complete,SYNTHETIC,,computer,Synthetic desktop,Synthetic OS,Synthetic Browser,1920 x 1080,1440 x 900,,,,Vision Check,SYNTHETIC,G1,spreadsheet,spreadsheet,1,Display 4,Screen 1,,,response,26,,,,1974.7,,,1974.7,1,1974.7,,,,,,,Display 4,26,26,Q4_answer
97,1789992679000,21/09/2026 12:11:19,1789992679000,1,21/09/2026 13:11:19,229051,38,synthetic-vision,,SYN-S1-S1_PRIV_025,BLINDED,S1_PRIV_025,,complete,SYNTHETIC,,computer,Synthetic desktop,Synthetic OS,Synthetic Browser,1920 x 1080,1440 x 900,,,,Vision Check,SYNTHETIC,G1,spreadsheet,spreadsheet,1,Display 1,Screen 1,,,response,12,,,,2301.0,,,2301.0,1,2301.0,,,,,,,Display 1,12,12,Q1_answer
98,1789992686000,21/09/2026 12:11:26,1789992686000,1,21/09/2026 13:11:26,229051,38,synthetic-vision,,SYN-S1-S1_PRIV_025,BLINDED,S1_PRIV_025,,complete,SYNTHETIC,,computer,Synthetic desktop,Synthetic OS,Synthetic Browser,1920 x 1080,1440 x 900,,,,Vision Check,SYNTHETIC,G1,spreadsheet,spreadsheet,1,Display 2,Screen 1,,,response,16,,,,3245.1,,,3245.1,1,3245.1,,,,,,,Display 2,16,16,Q2_answer
99,1789992693000,21/09/2026 12:11:33,1789992693000,1,21/09/2026 13:11:33,229051,38,synthetic-vision,,SYN-S1-S1_PRIV_025,BLINDED,S1_PRIV_025,,complete,SYNTHETIC,,computer,Synthetic desktop,Synthetic OS,Synthetic Browser,1920 x 1080,1440 x 900,,,,Vision Check,SYNTHETIC,G1,spreadsheet,spreadsheet,1,Display 3,Screen 1,,,response,29,,,,4381.5,,,4381.5,1,4381.5,,,,,,,Display 3,29,29,Q3_answer
100,1789992700000,21/09/2026 12:11:40,1789992700000,1,21/09/2026 13:11:40,229051,38,synthetic-vision,,SYN-S1-S1_PRIV_025,BLINDED,S1_PRIV_025,,complete,SYNTHETIC,,computer,Synthetic desktop,Synthetic OS,Synthetic Browser,1920 x 1080,1440 x 900,,,,Vision Check,SYNTHETIC,G1,spreadsheet,spreadsheet,1,Display 4,Screen 1,,,response,26,,,,3181.8,,,3181.8,1,3181.8,,,,,,,Display 4,26,26,Q4_answer
101,1789992707000,21/09/2026 12:11:47,1789992707000,1,21/09/2026 13:11:47,229051,38,synthetic-vision,,SYN-S1-S1_PRIV_026,BLINDED,S1_PRIV_026,,complete,SYNTHETIC,,computer,Synthetic desktop,Synthetic OS,Synthetic Browser,1920 x 1080,1440 x 900,,,,Vision Check,SYNTHETIC,G2,spreadsheet,spreadsheet,1,Display 1,Screen 1,,,response,12,,,,3360.6,,,3360.6,1,3360.6,,,,,,,Display 1,12,12,Q1_answer
102,1789992714000,21/09/2026 12:11:54,1789992714000,1,21/09/2026 13:11:54,229051,38,synthetic-vision,,SYN-S1-S1_PRIV_026,BLINDED,S1_PRIV_026,,complete,SYNTHETIC,,computer,Synthetic desktop,Synthetic OS,Synthetic Browser,1920 x 1080,1440 x 900,,,,Vision Check,SYNTHETIC,G2,spreadsheet,spreadsheet,1,Display 2,Screen 1,,,response,16,,,,3218.4,,,3218.4,1,3218.4,,,,,,,Display 2,16,16,Q2_answer
103,1789992721000,21/09/2026 12:12:01,1789992721000,1,21/09/2026 13:12:01,229051,38,synthetic-vision,,SYN-S1-S1_PRIV_026,BLINDED,S1_PRIV_026,,complete,SYNTHETIC,,computer,Synthetic desktop,Synthetic OS,Synthetic Browser,1920 x 1080,1440 x 900,,,,Vision Check,SYNTHETIC,G2,spreadsheet,spreadsheet,1,Display 3,Screen 1,,,response,29,,,,3496.8,,,3496.8,1,3496.8,,,,,,,Display 3,29,29,Q3_answer
104,1789992728000,21/09/2026 12:12:08,1789992728000,1,21/09/2026 13:12:08,229051,38,synthetic-vision,,SYN-S1-S1_PRIV_026,BLINDED,S1_PRIV_026,,complete,SYNTHETIC,,computer,Synthetic desktop,Synthetic OS,Synthetic Browser,1920 x 1080,1440 x 900,,,,Vision Check,SYNTHETIC,G2,spreadsheet,spreadsheet,1,Display 4,Screen 1,,,response,26,,,,3388.4,,,3388.4,1,3388.4,,,,,,,Display 4,26,26,Q4_answer
105,1789992735000,21/09/2026 12:12:15,1789992735000,1,21/09/2026 13:12:15,229051,38,synthetic-vision,,SYN-S1-S1_PRIV_027,BLINDED,S1_PRIV_027,,complete,SYNTHETIC,,computer,Synthetic desktop,Synthetic OS,Synthetic Browser,1920 x 1080,1440 x 900,,,,Vision Check,SYNTHETIC,G2,spreadsheet,spreadsheet,1,Display 1,Screen 1,,,response,12,,,,3412.0,,,3412.0,1,3412.0,,,,,,,Display 1,12,12,Q1_answer
106,1789992742000,21/09/2026 12:12:22,1789992742000,1,21/09/2026 13:12:22,229051,38,synthetic-vision,,SYN-S1-S1_PRIV_027,BLINDED,S1_PRIV_027,,complete,SYNTHETIC,,computer,Synthetic desktop,Synthetic OS,Synthetic Browser,1920 x 1080,1440 x 900,,,,Vision Check,SYNTHETIC,G2,spreadsheet,spreadsheet,1,Display 2,Screen 1,,,response,16,,,,6244.4,,,6244.4,1,6244.4,,,,,,,Display 2,16,16,Q2_answer
107,1789992749000,21/09/2026 12:12:29,1789992749000,1,21/09/2026 13:12:29,229051,38,synthetic-vision,,SYN-S1-S1_PRIV_027,BLINDED,S1_PRIV_027,,complete,SYNTHETIC,,computer,Synthetic desktop,Synthetic OS,Synthetic Browser,1920 x 1080,1440 x 900,,,,Vision Check,SYNTHETIC,G2,spreadsheet,spreadsheet,1,Display 3,Screen 1,,,response,29,,,,3198.6,,,3198.6,1,3198.6,,,,,,,Display 3,29,29,Q3_answer
108,1789992756000,21/09/2026 12:12:36,1789992756000,1,21/09/2026 13:12:36,229051,38,synthetic-vision,,SYN-S1-S1_PRIV_027,BLINDED,S1_PRIV_027,,complete,SYNTHETIC,,computer,Synthetic desktop,Synthetic OS,Synthetic Browser,1920 x 1080,1440 x 900,,,,Vision Check,SYNTHETIC,G2,spreadsheet,spreadsheet,1,Display 4,Screen 1,,,response,26,,,,3054.3,,,3054.3,1,3054.3,,,,,,,Display 4,26,26,Q4_answer
109,1789992763000,21/09/2026 12:12:43,1789992763000,1,21/09/2026 13:12:43,229051,38,synthetic-vision,,SYN-S1-S1_PRIV_028,BLINDED,S1_PRIV_028,,complete,SYNTHETIC,,computer,Synthetic desktop,Synthetic OS,Synthetic Browser,1920 x 1080,1440 x 900,,,,Vision Check,SYNTHETIC,G2,spreadsheet,spreadsheet,1,Display 1,Screen 1,,,response,12,,,,3061.8,,,3061.8,1,3061.8,,,,,,,Display 1,12,12,Q1_answer
110,1789992770000,21/09/2026 12:12:50,1789992770000,1,21/09/2026 13:12:50,229051,38,synthetic-vision,,SYN-S1-S1_PRIV_028,BLINDED,S1_PRIV_028,,complete,SYNTHETIC,,computer,Synthetic desktop,Synthetic OS,Synthetic Browser,1920 x 1080,1440 x 900,,,,Vision Check,SYNTHETIC,G2,spreadsheet,spreadsheet,1,Display 2,Screen 1,,,response,16,,,,2587.7,,,2587.7,1,2587.7,,,,,,,Display 2,16,16,Q2_answer
111,1789992777000,21/09/2026 12:12:57,1789992777000,1,21/09/2026 13:12:57,229051,38,synthetic-vision,,SYN-S1-S1_PRIV_028,BLINDED,S1_PRIV_028,,complete,SYNTHETIC,,computer,Synthetic desktop,Synthetic OS,Synthetic Browser,1920 x 1080,1440 x 900,,,,Vision Check,SYNTHETIC,G2,spreadsheet,spreadsheet,1,Display 3,Screen 1,,,response,29,,,,3135.9,,,3135.9,1,3135.9,,,,,,,Display 3,29,29,Q3_answer
112,1789992784000,21/09/2026 12:13:04,1789992784000,1,21/09/2026 13:13:04,229051,38,synthetic-vision,,SYN-S1-S1_PRIV_028,BLINDED,S1_PRIV_028,,complete,SYNTHETIC,,computer,Synthetic desktop,Synthetic OS,Synthetic Browser,1920 x 1080,1440 x 900,,,,Vision Check,SYNTHETIC,G2,spreadsheet,spreadsheet,1,Display 4,Screen 1,,,response,26,,,,3236.1,,,3236.1,1,3236.1,,,,,,,Display 4,26,26,Q4_answer
113,1789992791000,21/09/2026 12:13:11,1789992791000,1,21/09/2026 13:13:11,229051,38,synthetic-vision,,SYN-S1-S1_PRIV_029,BLINDED,S1_PRIV_029,,complete,SYNTHETIC,,computer,Synthetic desktop,Synthetic OS,Synthetic Browser,1920 x 1080,1440 x 900,,,,Vision Check,SYNTHETIC,G2,spreadsheet,spreadsheet,1,Display 1,Screen 1,,,response,12,,,,1553.2,,,1553.2,1,1553.2,,,,,,,Display 1,12,12,Q1_answer
114,1789992798000,21/09/2026 12:13:18,1789992798000,1,21/09/2026 13:13:18,229051,38,synthetic-vision,,SYN-S1-S1_PRIV_029,BLINDED,S1_PRIV_029,,complete,SYNTHETIC,,computer,Synthetic desktop,Synthetic OS,Synthetic Browser,1920 x 1080,1440 x 900,,,,Vision Check,SYNTHETIC,G2,spreadsheet,spreadsheet,1,Display 2,Screen 1,,,response,16,,,,3709.0,,,3709.0,1,3709.0,,,,,,,Display 2,16,16,Q2_answer
115,1789992805000,21/09/2026 12:13:25,1789992805000,1,21/09/2026 13:13:25,229051,38,synthetic-vision,,SYN-S1-S1_PRIV_029,BLINDED,S1_PRIV_029,,complete,SYNTHETIC,,computer,Synthetic desktop,Synthetic OS,Synthetic Browser,1920 x 1080,1440 x 900,,,,Vision Check,SYNTHETIC,G2,spreadsheet,spreadsheet,1,Display 3,Screen 1,,,response,29,,,,2395.1,,,2395.1,1,2395.1,,,,,,,Display 3,29,29,Q3_answer
116,1789992812000,21/09/2026 12:13:32,1789992812000,1,21/09/2026 13:13:32,229051,38,synthetic-vision,,SYN-S1-S1_PRIV_029,BLINDED,S1_PRIV_029,,complete,SYNTHETIC,,computer,Synthetic desktop,Synthetic OS,Synthetic Browser,1920 x 1080,1440 x 900,,,,Vision Check,SYNTHETIC,G2,spreadsheet,spreadsheet,1,Display 4,Screen 1,,,response,26,,,,2316.6,,,2316.6,1,2316.6,,,,,,,Display 4,26,26,Q4_answer
117,1789992819000,21/09/2026 12:13:39,1789992819000,1,21/09/2026 13:13:39,229051,38,synthetic-vision,,SYN-S1-S1_PRIV_030,BLINDED,S1_PRIV_030,,complete,SYNTHETIC,,computer,Synthetic desktop,Synthetic OS,Synthetic Browser,1920 x 1080,1440 x 900,,,,Vision Check,SYNTHETIC,G2,spreadsheet,spreadsheet,1,Display 1,Screen 1,,,response,12,,,,3766.0,,,3766.0,1,3766.0,,,,,,,Display 1,12,12,Q1_answer
118,1789992826000,21/09/2026 12:13:46,1789992826000,1,21/09/2026 13:13:46,229051,38,synthetic-vision,,SYN-S1-S1_PRIV_030,BLINDED,S1_PRIV_030,,complete,SYNTHETIC,,computer,Synthetic desktop,Synthetic OS,Synthetic Browser,1920 x 1080,1440 x 900,,,,Vision Check,SYNTHETIC,G2,spreadsheet,spreadsheet,1,Display 2,Screen 1,,,response,16,,,,2448.7,,,2448.7,1,2448.7,,,,,,,Display 2,16,16,Q2_answer
119,1789992833000,21/09/2026 12:13:53,1789992833000,1,21/09/2026 13:13:53,229051,38,synthetic-vision,,SYN-S1-S1_PRIV_030,BLINDED,S1_PRIV_030,,complete,SYNTHETIC,,computer,Synthetic desktop,Synthetic OS,Synthetic Browser,1920 x 1080,1440 x 900,,,,Vision Check,SYNTHETIC,G2,spreadsheet,spreadsheet,1,Display 3,Screen 1,,,response,29,,,,3303.7,,,3303.7,1,3303.7,,,,,,,Display 3,29,29,Q3_answer
120,1789992840000,21/09/2026 12:14:00,1789992840000,1,21/09/2026 13:14:00,229051,38,synthetic-vision,,SYN-S1-S1_PRIV_030,BLINDED,S1_PRIV_030,,complete,SYNTHETIC,,computer,Synthetic desktop,Synthetic OS,Synthetic Browser,1920 x 1080,1440 x 900,,,,Vision Check,SYNTHETIC,G2,spreadsheet,spreadsheet,1,Display 4,Screen 1,,,response,26,,,,3709.0,,,3709.0,1,3709.0,,,,,,,Display 4,26,26,Q4_answer
121,1789992847000,21/09/2026 12:14:07,1789992847000,1,21/09/2026 13:14:07,229051,38,synthetic-vision,,SYN-S1-S1_PRIV_031,BLINDED,S1_PRIV_031,,complete,SYNTHETIC,,computer,Synthetic desktop,Synthetic OS,Synthetic Browser,1920 x 1080,1440 x 900,,,,Vision Check,SYNTHETIC,G2,spreadsheet,spreadsheet,1,Display 1,Screen 1,,,response,12,,,,2272.3,,,2272.3,1,2272.3,,,,,,,Display 1,12,12,Q1_answer
122,1789992854000,21/09/2026 12:14:14,1789992854000,1,21/09/2026 13:14:14,229051,38,synthetic-vision,,SYN-S1-S1_PRIV_031,BLINDED,S1_PRIV_031,,complete,SYNTHETIC,,computer,Synthetic desktop,Synthetic OS,Synthetic Browser,1920 x 1080,1440 x 900,,,,Vision Check,SYNTHETIC,G2,spreadsheet,spreadsheet,1,Display 2,Screen 1,,,response,16,,,,2111.7,,,2111.7,1,2111.7,,,,,,,Display 2,16,16,Q2_answer
123,1789992861000,21/09/2026 12:14:21,1789992861000,1,21/09/2026 13:14:21,229051,38,synthetic-vision,,SYN-S1-S1_PRIV_031,BLINDED,S1_PRIV_031,,complete,SYNTHETIC,,computer,Synthetic desktop,Synthetic OS,Synthetic Browser,1920 x 1080,1440 x 900,,,,Vision Check,SYNTHETIC,G2,spreadsheet,spreadsheet,1,Display 3,Screen 1,,,response,29,,,,2777.5,,,2777.5,1,2777.5,,,,,,,Display 3,29,29,Q3_answer
124,1789992868000,21/09/2026 12:14:28,1789992868000,1,21/09/2026 13:14:28,229051,38,synthetic-vision,,SYN-S1-S1_PRIV_031,BLINDED,S1_PRIV_031,,complete,SYNTHETIC,,computer,Synthetic desktop,Synthetic OS,Synthetic Browser,1920 x 1080,1440 x 900,,,,Vision Check,SYNTHETIC,G2,spreadsheet,spreadsheet,1,Display 4,Screen 1,,,response,26,,,,2682.6,,,2682.6,1,2682.6,,,,,,,Display 4,26,26,Q4_answer
125,1789992875000,21/09/2026 12:14:35,1789992875000,1,21/09/2026 13:14:35,229051,38,synthetic-vision,,SYN-S1-S1_PRIV_032,BLINDED,S1_PRIV_032,,complete,SYNTHETIC,,computer,Synthetic desktop,Synthetic OS,Synthetic Browser,1920 x 1080,1440 x 900,,,,Vision Check,SYNTHETIC,G2,spreadsheet,spreadsheet,1,Display 1,Screen 1,,,response,12,,,,3049.5,,,3049.5,1,3049.5,,,,,,,Display 1,12,12,Q1_answer
126,1789992882000,21/09/2026 12:14:42,1789992882000,1,21/09/2026 13:14:42,229051,38,synthetic-vision,,SYN-S1-S1_PRIV_032,BLINDED,S1_PRIV_032,,complete,SYNTHETIC,,computer,Synthetic desktop,Synthetic OS,Synthetic Browser,1920 x 1080,1440 x 900,,,,Vision Check,SYNTHETIC,G2,spreadsheet,spreadsheet,1,Display 2,Screen 1,,,response,16,,,,2530.4,,,2530.4,1,2530.4,,,,,,,Display 2,16,16,Q2_answer
127,1789992889000,21/09/2026 12:14:49,1789992889000,1,21/09/2026 13:14:49,229051,38,synthetic-vision,,SYN-S1-S1_PRIV_032,BLINDED,S1_PRIV_032,,complete,SYNTHETIC,,computer,Synthetic desktop,Synthetic OS,Synthetic Browser,1920 x 1080,1440 x 900,,,,Vision Check,SYNTHETIC,G2,spreadsheet,spreadsheet,1,Display 3,Screen 1,,,response,29,,,,2744.6,,,2744.6,1,2744.6,,,,,,,Display 3,29,29,Q3_answer
128,1789992896000,21/09/2026 12:14:56,1789992896000,1,21/09/2026 13:14:56,229051,38,synthetic-vision,,SYN-S1-S1_PRIV_032,BLINDED,S1_PRIV_032,,complete,SYNTHETIC,,computer,Synthetic desktop,Synthetic OS,Synthetic Browser,1920 x 1080,1440 x 900,,,,Vision Check,SYNTHETIC,G2,spreadsheet,spreadsheet,1,Display 4,Screen 1,,,response,26,,,,6442.8,,,6442.8,1,6442.8,,,,,,,Display 4,26,26,Q4_answer
129,1789992903000,21/09/2026 12:15:03,1789992903000,1,21/09/2026 13:15:03,229051,38,synthetic-vision,,SYN-S1-S1_PRIV_033,BLINDED,S1_PRIV_033,,complete,SYNTHETIC,,computer,Synthetic desktop,Synthetic OS,Synthetic Browser,1920 x 1080,1440 x 900,,,,Vision Check,SYNTHETIC,G2,spreadsheet,spreadsheet,1,Display 1,Screen 1,,,response,12,,,,2676.3,,,2676.3,1,2676.3,,,,,,,Display 1,12,12,Q1_answer
130,1789992910000,21/09/2026 12:15:10,1789992910000,1,21/09/2026 13:15:10,229051,38,synthetic-vision,,SYN-S1-S1_PRIV_033,BLINDED,S1_PRIV_033,,complete,SYNTHETIC,,computer,Synthetic desktop,Synthetic OS,Synthetic Browser,1920 x 1080,1440 x 900,,,,Vision Check,SYNTHETIC,G2,spreadsheet,spreadsheet,1,Display 2,Screen 1,,,response,16,,,,2511.0,,,2511.0,1,2511.0,,,,,,,Display 2,16,16,Q2_answer
131,1789992917000,21/09/2026 12:15:17,1789992917000,1,21/09/2026 13:15:17,229051,38,synthetic-vision,,SYN-S1-S1_PRIV_033,BLINDED,S1_PRIV_033,,complete,SYNTHETIC,,computer,Synthetic desktop,Synthetic OS,Synthetic Browser,1920 x 1080,1440 x 900,,,,Vision Check,SYNTHETIC,G2,spreadsheet,spreadsheet,1,Display 3,Screen 1,,,response,29,,,,2739.3,,,2739.3,1,2739.3,,,,,,,Display 3,29,29,Q3_answer
132,1789992924000,21/09/2026 12:15:24,1789992924000,1,21/09/2026 13:15:24,229051,38,synthetic-vision,,SYN-S1-S1_PRIV_033,BLINDED,S1_PRIV_033,,complete,SYNTHETIC,,computer,Synthetic desktop,Synthetic OS,Synthetic Browser,1920 x 1080,1440 x 900,,,,Vision Check,SYNTHETIC,G2,spreadsheet,spreadsheet,1,Display 4,Screen 1,,,response,26,,,,1615.0,,,1615.0,1,1615.0,,,,,,,Display 4,26,26,Q4_answer
133,1789992931000,21/09/2026 12:15:31,1789992931000,1,21/09/2026 13:15:31,229051,38,synthetic-vision,,SYN-S1-S1_PRIV_034,BLINDED,S1_PRIV_034,,complete,SYNTHETIC,,computer,Synthetic desktop,Synthetic OS,Synthetic Browser,1920 x 1080,1440 x 900,,,,Vision Check,SYNTHETIC,G2,spreadsheet,spreadsheet,1,Display 1,Screen 1,,,response,12,,,,5428.7,,,5428.7,1,5428.7,,,,,,,Display 1,12,12,Q1_answer
134,1789992938000,21/09/2026 12:15:38,1789992938000,1,21/09/2026 13:15:38,229051,38,synthetic-vision,,SYN-S1-S1_PRIV_034,BLINDED,S1_PRIV_034,,complete,SYNTHETIC,,computer,Synthetic desktop,Synthetic OS,Synthetic Browser,1920 x 1080,1440 x 900,,,,Vision Check,SYNTHETIC,G2,spreadsheet,spreadsheet,1,Display 2,Screen 1,,,response,16,,,,2314.7,,,2314.7,1,2314.7,,,,,,,Display 2,16,16,Q2_answer
135,1789992945000,21/09/2026 12:15:45,1789992945000,1,21/09/2026 13:15:45,229051,38,synthetic-vision,,SYN-S1-S1_PRIV_034,BLINDED,S1_PRIV_034,,complete,SYNTHETIC,,computer,Synthetic desktop,Synthetic OS,Synthetic Browser,1920 x 1080,1440 x 900,,,,Vision Check,SYNTHETIC,G2,spreadsheet,spreadsheet,1,Display 3,Screen 1,,,response,29,,,,3889.7,,,3889.7,1,3889.7,,,,,,,Display 3,29,29,Q3_answer
136,1789992952000,21/09/2026 12:15:52,1789992952000,1,21/09/2026 13:15:52,229051,38,synthetic-vision,,SYN-S1-S1_PRIV_034,BLINDED,S1_PRIV_034,,complete,SYNTHETIC,,computer,Synthetic desktop,Synthetic OS,Synthetic Browser,1920 x 1080,1440 x 900,,,,Vision Check,SYNTHETIC,G2,spreadsheet,spreadsheet,1,Display 4,Screen 1,,,response,26,,,,2866.9,,,2866.9,1,2866.9,,,,,,,Display 4,26,26,Q4_answer
137,1789992959000,21/09/2026 12:15:59,1789992959000,1,21/09/2026 13:15:59,229051,38,synthetic-vision,,SYN-S1-S1_PRIV_035,BLINDED,S1_PRIV_035,,complete,SYNTHETIC,,computer,Synthetic desktop,Synthetic OS,Synthetic Browser,1920 x 1080,1440 x 900,,,,Vision Check,SYNTHETIC,G2,spreadsheet,spreadsheet,1,Display 1,Screen 1,,,response,12,,,,3021.8,,,3021.8,1,3021.8,,,,,,,Display 1,12,12,Q1_answer
138,1789992966000,21/09/2026 12:16:06,1789992966000,1,21/09/2026 13:16:06,229051,38,synthetic-vision,,SYN-S1-S1_PRIV_035,BLINDED,S1_PRIV_035,,complete,SYNTHETIC,,computer,Synthetic desktop,Synthetic OS,Synthetic Browser,1920 x 1080,1440 x 900,,,,Vision Check,SYNTHETIC,G2,spreadsheet,spreadsheet,1,Display 2,Screen 1,,,response,16,,,,5863.4,,,5863.4,1,5863.4,,,,,,,Display 2,16,16,Q2_answer
139,1789992973000,21/09/2026 12:16:13,1789992973000,1,21/09/2026 13:16:13,229051,38,synthetic-vision,,SYN-S1-S1_PRIV_035,BLINDED,S1_PRIV_035,,complete,SYNTHETIC,,computer,Synthetic desktop,Synthetic OS,Synthetic Browser,1920 x 1080,1440 x 900,,,,Vision Check,SYNTHETIC,G2,spreadsheet,spreadsheet,1,Display 3,Screen 1,,,response,29,,,,1813.2,,,1813.2,1,1813.2,,,,,,,Display 3,29,29,Q3_answer
140,1789992980000,21/09/2026 12:16:20,1789992980000,1,21/09/2026 13:16:20,229051,38,synthetic-vision,,SYN-S1-S1_PRIV_035,BLINDED,S1_PRIV_035,,complete,SYNTHETIC,,computer,Synthetic desktop,Synthetic OS,Synthetic Browser,1920 x 1080,1440 x 900,,,,Vision Check,SYNTHETIC,G2,spreadsheet,spreadsheet,1,Display 4,Screen 1,,,response,26,,,,1793.3,,,1793.3,1,1793.3,,,,,,,Display 4,26,26,Q4_answer
141,1789992987000,21/09/2026 12:16:27,1789992987000,1,21/09/2026 13:16:27,229051,38,synthetic-vision,,SYN-S1-S1_PRIV_036,BLINDED,S1_PRIV_036,,complete,SYNTHETIC,,computer,Synthetic desktop,Synthetic OS,Synthetic Browser,1920 x 1080,1440 x 900,,,,Vision Check,SYNTHETIC,G2,spreadsheet,spreadsheet,1,Display 1,Screen 1,,,response,12,,,,2702.3,,,2702.3,1,2702.3,,,,,,,Display 1,12,12,Q1_answer
142,1789992994000,21/09/2026 12:16:34,1789992994000,1,21/09/2026 13:16:34,229051,38,synthetic-vision,,SYN-S1-S1_PRIV_036,BLINDED,S1_PRIV_036,,complete,SYNTHETIC,,computer,Synthetic desktop,Synthetic OS,Synthetic Browser,1920 x 1080,1440 x 900,,,,Vision Check,SYNTHETIC,G2,spreadsheet,spreadsheet,1,Display 2,Screen 1,,,response,16,,,,3431.5,,,3431.5,1,3431.5,,,,,,,Display 2,16,16,Q2_answer
143,1789993001000,21/09/2026 12:16:41,1789993001000,1,21/09/2026 13:16:41,229051,38,synthetic-vision,,SYN-S1-S1_PRIV_036,BLINDED,S1_PRIV_036,,complete,SYNTHETIC,,computer,Synthetic desktop,Synthetic OS,Synthetic Browser,1920 x 1080,1440 x 900,,,,Vision Check,SYNTHETIC,G2,spreadsheet,spreadsheet,1,Display 3,Screen 1,,,response,29,,,,2147.0,,,2147.0,1,2147.0,,,,,,,Display 3,29,29,Q3_answer
144,1789993008000,21/09/2026 12:16:48,1789993008000,1,21/09/2026 13:16:48,229051,38,synthetic-vision,,SYN-S1-S1_PRIV_036,BLINDED,S1_PRIV_036,,complete,SYNTHETIC,,computer,Synthetic desktop,Synthetic OS,Synthetic Browser,1920 x 1080,1440 x 900,,,,Vision Check,SYNTHETIC,G2,spreadsheet,spreadsheet,1,Display 4,Screen 1,,,response,26,,,,2473.4,,,2473.4,1,2473.4,,,,,,,Display 4,26,26,Q4_answer
145,1789993015000,21/09/2026 12:16:55,1789993015000,1,21/09/2026 13:16:55,229051,38,synthetic-vision,,SYN-S1-S1_PRIV_037,BLINDED,S1_PRIV_037,,complete,SYNTHETIC,,computer,Synthetic desktop,Synthetic OS,Synthetic Browser,1920 x 1080,1440 x 900,,,,Vision Check,SYNTHETIC,G2,spreadsheet,spreadsheet,1,Display 1,Screen 1,,,response,12,,,,3031.2,,,3031.2,1,3031.2,,,,,,,Display 1,12,12,Q1_answer
146,1789993022000,21/09/2026 12:17:02,1789993022000,1,21/09/2026 13:17:02,229051,38,synthetic-vision,,SYN-S1-S1_PRIV_037,BLINDED,S1_PRIV_037,,complete,SYNTHETIC,,computer,Synthetic desktop,Synthetic OS,Synthetic Browser,1920 x 1080,1440 x 900,,,,Vision Check,SYNTHETIC,G2,spreadsheet,spreadsheet,1,Display 2,Screen 1,,,response,16,,,,2234.1,,,2234.1,1,2234.1,,,,,,,Display 2,16,16,Q2_answer
147,1789993029000,21/09/2026 12:17:09,1789993029000,1,21/09/2026 13:17:09,229051,38,synthetic-vision,,SYN-S1-S1_PRIV_037,BLINDED,S1_PRIV_037,,complete,SYNTHETIC,,computer,Synthetic desktop,Synthetic OS,Synthetic Browser,1920 x 1080,1440 x 900,,,,Vision Check,SYNTHETIC,G2,spreadsheet,spreadsheet,1,Display 3,Screen 1,,,response,29,,,,10089.5,,,10089.5,1,10089.5,,,,,,,Display 3,29,29,Q3_answer
148,1789993036000,21/09/2026 12:17:16,1789993036000,1,21/09/2026 13:17:16,229051,38,synthetic-vision,,SYN-S1-S1_PRIV_037,BLINDED,S1_PRIV_037,,complete,SYNTHETIC,,computer,Synthetic desktop,Synthetic OS,Synthetic Browser,1920 x 1080,1440 x 900,,,,Vision Check,SYNTHETIC,G2,spreadsheet,spreadsheet,1,Display 4,Screen 1,,,response,26,,,,3160.9,,,3160.9,1,3160.9,,,,,,,Display 4,26,26,Q4_answer
149,1789993043000,21/09/2026 12:17:23,1789993043000,1,21/09/2026 13:17:23,229051,38,synthetic-vision,,SYN-S1-S1_PRIV_038,BLINDED,S1_PRIV_038,,complete,SYNTHETIC,,computer,Synthetic desktop,Synthetic OS,Synthetic Browser,1920 x 1080,1440 x 900,,,,Vision Check,SYNTHETIC,G2,spreadsheet,spreadsheet,1,Display 1,Screen 1,,,response,12,,,,2299.3,,,2299.3,1,2299.3,,,,,,,Display 1,12,12,Q1_answer
150,1789993050000,21/09/2026 12:17:30,1789993050000,1,21/09/2026 13:17:30,229051,38,synthetic-vision,,SYN-S1-S1_PRIV_038,BLINDED,S1_PRIV_038,,complete,SYNTHETIC,,computer,Synthetic desktop,Synthetic OS,Synthetic Browser,1920 x 1080,1440 x 900,,,,Vision Check,SYNTHETIC,G2,spreadsheet,spreadsheet,1,Display 2,Screen 1,,,response,16,,,,3245.0,,,3245.0,1,3245.0,,,,,,,Display 2,16,16,Q2_answer
151,1789993057000,21/09/2026 12:17:37,1789993057000,1,21/09/2026 13:17:37,229051,38,synthetic-vision,,SYN-S1-S1_PRIV_038,BLINDED,S1_PRIV_038,,complete,SYNTHETIC,,computer,Synthetic desktop,Synthetic OS,Synthetic Browser,1920 x 1080,1440 x 900,,,,Vision Check,SYNTHETIC,G2,spreadsheet,spreadsheet,1,Display 3,Screen 1,,,response,29,,,,2943.7,,,2943.7,1,2943.7,,,,,,,Display 3,29,29,Q3_answer
152,1789993064000,21/09/2026 12:17:44,1789993064000,1,21/09/2026 13:17:44,229051,38,synthetic-vision,,SYN-S1-S1_PRIV_038,BLINDED,S1_PRIV_038,,complete,SYNTHETIC,,computer,Synthetic desktop,Synthetic OS,Synthetic Browser,1920 x 1080,1440 x 900,,,,Vision Check,SYNTHETIC,G2,spreadsheet,spreadsheet,1,Display 4,Screen 1,,,response,26,,,,2323.1,,,2323.1,1,2323.1,,,,,,,Display 4,26,26,Q4_answer
153,1789993071000,21/09/2026 12:17:51,1789993071000,1,21/09/2026 13:17:51,229051,38,synthetic-vision,,SYN-S1-S1_PRIV_039,BLINDED,S1_PRIV_039,,complete,SYNTHETIC,,computer,Synthetic desktop,Synthetic OS,Synthetic Browser,1920 x 1080,1440 x 900,,,,Vision Check,SYNTHETIC,G2,spreadsheet,spreadsheet,1,Display 1,Screen 1,,,response,12,,,,2801.2,,,2801.2,1,2801.2,,,,,,,Display 1,12,12,Q1_answer
154,1789993078000,21/09/2026 12:17:58,1789993078000,1,21/09/2026 13:17:58,229051,38,synthetic-vision,,SYN-S1-S1_PRIV_039,BLINDED,S1_PRIV_039,,complete,SYNTHETIC,,computer,Synthetic desktop,Synthetic OS,Synthetic Browser,1920 x 1080,1440 x 900,,,,Vision Check,SYNTHETIC,G2,spreadsheet,spreadsheet,1,Display 2,Screen 1,,,response,16,,,,7067.4,,,7067.4,1,7067.4,,,,,,,Display 2,16,16,Q2_answer
155,1789993085000,21/09/2026 12:18:05,1789993085000,1,21/09/2026 13:18:05,229051,38,synthetic-vision,,SYN-S1-S1_PRIV_039,BLINDED,S1_PRIV_039,,complete,SYNTHETIC,,computer,Synthetic desktop,Synthetic OS,Synthetic Browser,1920 x 1080,1440 x 900,,,,Vision Check,SYNTHETIC,G2,spreadsheet,spreadsheet,1,Display 3,Screen 1,,,response,29,,,,4905.7,,,4905.7,1,4905.7,,,,,,,Display 3,29,29,Q3_answer
156,1789993092000,21/09/2026 12:18:12,1789993092000,1,21/09/2026 13:18:12,229051,38,synthetic-vision,,SYN-S1-S1_PRIV_039,BLINDED,S1_PRIV_039,,complete,SYNTHETIC,,computer,Synthetic desktop,Synthetic OS,Synthetic Browser,1920 x 1080,1440 x 900,,,,Vision Check,SYNTHETIC,G2,spreadsheet,spreadsheet,1,Display 4,Screen 1,,,response,26,,,,2691.7,,,2691.7,1,2691.7,,,,,,,Display 4,26,26,Q4_answer
157,1789993099000,21/09/2026 12:18:19,1789993099000,1,21/09/2026 13:18:19,229051,38,synthetic-vision,,SYN-S1-S1_PRIV_040,BLINDED,S1_PRIV_040,,complete,SYNTHETIC,,computer,Synthetic desktop,Synthetic OS,Synthetic Browser,1920 x 1080,1440 x 900,,,,Vision Check,SYNTHETIC,G2,spreadsheet,spreadsheet,1,Display 1,Screen 1,,,response,12,,,,2060.6,,,2060.6,1,2060.6,,,,,,,Display 1,12,12,Q1_answer
158,1789993106000,21/09/2026 12:18:26,1789993106000,1,21/09/2026 13:18:26,229051,38,synthetic-vision,,SYN-S1-S1_PRIV_040,BLINDED,S1_PRIV_040,,complete,SYNTHETIC,,computer,Synthetic desktop,Synthetic OS,Synthetic Browser,1920 x 1080,1440 x 900,,,,Vision Check,SYNTHETIC,G2,spreadsheet,spreadsheet,1,Display 2,Screen 1,,,response,16,,,,1777.6,,,1777.6,1,1777.6,,,,,,,Display 2,16,16,Q2_answer
159,1789993113000,21/09/2026 12:18:33,1789993113000,1,21/09/2026 13:18:33,229051,38,synthetic-vision,,SYN-S1-S1_PRIV_040,BLINDED,S1_PRIV_040,,complete,SYNTHETIC,,computer,Synthetic desktop,Synthetic OS,Synthetic Browser,1920 x 1080,1440 x 900,,,,Vision Check,SYNTHETIC,G2,spreadsheet,spreadsheet,1,Display 3,Screen 1,,,response,29,,,,1858.0,,,1858.0,1,1858.0,,,,,,,Display 3,29,29,Q3_answer
160,1789993120000,21/09/2026 12:18:40,1789993120000,1,21/09/2026 13:18:40,229051,38,synthetic-vision,,SYN-S1-S1_PRIV_040,BLINDED,S1_PRIV_040,,complete,SYNTHETIC,,computer,Synthetic desktop,Synthetic OS,Synthetic Browser,1920 x 1080,1440 x 900,,,,Vision Check,SYNTHETIC,G2,spreadsheet,spreadsheet,1,Display 4,Screen 1,,,response,26,,,,3762.2,,,3762.2,1,3762.2,,,,,,,Display 4,26,26,Q4_answer
161,1789993127000,21/09/2026 12:18:47,1789993127000,1,21/09/2026 13:18:47,229051,38,synthetic-vision,,SYN-S1-S1_PRIV_041,BLINDED,S1_PRIV_041,,complete,SYNTHETIC,,computer,Synthetic desktop,Synthetic OS,Synthetic Browser,1920 x 1080,1440 x 900,,,,Vision Check,SYNTHETIC,G2,spreadsheet,spreadsheet,1,Display 1,Screen 1,,,response,12,,,,2753.9,,,2753.9,1,2753.9,,,,,,,Display 1,12,12,Q1_answer
162,1789993134000,21/09/2026 12:18:54,1789993134000,1,21/09/2026 13:18:54,229051,38,synthetic-vision,,SYN-S1-S1_PRIV_041,BLINDED,S1_PRIV_041,,complete,SYNTHETIC,,computer,Synthetic desktop,Synthetic OS,Synthetic Browser,1920 x 1080,1440 x 900,,,,Vision Check,SYNTHETIC,G2,spreadsheet,spreadsheet,1,Display 2,Screen 1,,,response,16,,,,1649.1,,,1649.1,1,1649.1,,,,,,,Display 2,16,16,Q2_answer
163,1789993141000,21/09/2026 12:19:01,1789993141000,1,21/09/2026 13:19:01,229051,38,synthetic-vision,,SYN-S1-S1_PRIV_041,BLINDED,S1_PRIV_041,,complete,SYNTHETIC,,computer,Synthetic desktop,Synthetic OS,Synthetic Browser,1920 x 1080,1440 x 900,,,,Vision Check,SYNTHETIC,G2,spreadsheet,spreadsheet,1,Display 3,Screen 1,,,response,29,,,,2749.3,,,2749.3,1,2749.3,,,,,,,Display 3,29,29,Q3_answer
164,1789993148000,21/09/2026 12:19:08,1789993148000,1,21/09/2026 13:19:08,229051,38,synthetic-vision,,SYN-S1-S1_PRIV_041,BLINDED,S1_PRIV_041,,complete,SYNTHETIC,,computer,Synthetic desktop,Synthetic OS,Synthetic Browser,1920 x 1080,1440 x 900,,,,Vision Check,SYNTHETIC,G2,spreadsheet,spreadsheet,1,Display 4,Screen 1,,,response,26,,,,3973.6,,,3973.6,1,3973.6,,,,,,,Display 4,26,26,Q4_answer
165,1789993155000,21/09/2026 12:19:15,1789993155000,1,21/09/2026 13:19:15,229051,38,synthetic-vision,,SYN-S1-S1_PRIV_042,BLINDED,S1_PRIV_042,,complete,SYNTHETIC,,computer,Synthetic desktop,Synthetic OS,Synthetic Browser,1920 x 1080,1440 x 900,,,,Vision Check,SYNTHETIC,G2,spreadsheet,spreadsheet,1,Display 1,Screen 1,,,response,12,,,,4613.2,,,4613.2,1,4613.2,,,,,,,Display 1,12,12,Q1_answer
166,1789993162000,21/09/2026 12:19:22,1789993162000,1,21/09/2026 13:19:22,229051,38,synthetic-vision,,SYN-S1-S1_PRIV_042,BLINDED,S1_PRIV_042,,complete,SYNTHETIC,,computer,Synthetic desktop,Synthetic OS,Synthetic Browser,1920 x 1080,1440 x 900,,,,Vision Check,SYNTHETIC,G2,spreadsheet,spreadsheet,1,Display 2,Screen 1,,,response,16,,,,5712.0,,,5712.0,1,5712.0,,,,,,,Display 2,16,16,Q2_answer
167,1789993169000,21/09/2026 12:19:29,1789993169000,1,21/09/2026 13:19:29,229051,38,synthetic-vision,,SYN-S1-S1_PRIV_042,BLINDED,S1_PRIV_042,,complete,SYNTHETIC,,computer,Synthetic desktop,Synthetic OS,Synthetic Browser,1920 x 1080,1440 x 900,,,,Vision Check,SYNTHETIC,G2,spreadsheet,spreadsheet,1,Display 3,Screen 1,,,response,29,,,,3777.7,,,3777.7,1,3777.7,,,,,,,Display 3,29,29,Q3_answer
168,1789993176000,21/09/2026 12:19:36,1789993176000,1,21/09/2026 13:19:36,229051,38,synthetic-vision,,SYN-S1-S1_PRIV_042,BLINDED,S1_PRIV_042,,complete,SYNTHETIC,,computer,Synthetic desktop,Synthetic OS,Synthetic Browser,1920 x 1080,1440 x 900,,,,Vision Check,SYNTHETIC,G2,spreadsheet,spreadsheet,1,Display 4,Screen 1,,,response,26,,,,2261.6,,,2261.6,1,2261.6,,,,,,,Display 4,26,26,Q4_answer
169,1789993183000,21/09/2026 12:19:43,1789993183000,1,21/09/2026 13:19:43,229051,38,synthetic-vision,,SYN-S1-S1_PRIV_043,BLINDED,S1_PRIV_043,,complete,SYNTHETIC,,computer,Synthetic desktop,Synthetic OS,Synthetic Browser,1920 x 1080,1440 x 900,,,,Vision Check,SYNTHETIC,G2,spreadsheet,spreadsheet,1,Display 1,Screen 1,,,response,12,,,,2185.1,,,2185.1,1,2185.1,,,,,,,Display 1,12,12,Q1_answer
170,1789993190000,21/09/2026 12:19:50,1789993190000,1,21/09/2026 13:19:50,229051,38,synthetic-vision,,SYN-S1-S1_PRIV_043,BLINDED,S1_PRIV_043,,complete,SYNTHETIC,,computer,Synthetic desktop,Synthetic OS,Synthetic Browser,1920 x 1080,1440 x 900,,,,Vision Check,SYNTHETIC,G2,spreadsheet,spreadsheet,1,Display 2,Screen 1,,,response,16,,,,2470.9,,,2470.9,1,2470.9,,,,,,,Display 2,16,16,Q2_answer
171,1789993197000,21/09/2026 12:19:57,1789993197000,1,21/09/2026 13:19:57,229051,38,synthetic-vision,,SYN-S1-S1_PRIV_043,BLINDED,S1_PRIV_043,,complete,SYNTHETIC,,computer,Synthetic desktop,Synthetic OS,Synthetic Browser,1920 x 1080,1440 x 900,,,,Vision Check,SYNTHETIC,G2,spreadsheet,spreadsheet,1,Display 3,Screen 1,,,response,29,,,,3086.8,,,3086.8,1,3086.8,,,,,,,Display 3,29,29,Q3_answer
172,1789993204000,21/09/2026 12:20:04,1789993204000,1,21/09/2026 13:20:04,229051,38,synthetic-vision,,SYN-S1-S1_PRIV_043,BLINDED,S1_PRIV_043,,complete,SYNTHETIC,,computer,Synthetic desktop,Synthetic OS,Synthetic Browser,1920 x 1080,1440 x 900,,,,Vision Check,SYNTHETIC,G2,spreadsheet,spreadsheet,1,Display 4,Screen 1,,,response,26,,,,2116.6,,,2116.6,1,2116.6,,,,,,,Display 4,26,26,Q4_answer
173,1789993211000,21/09/2026 12:20:11,1789993211000,1,21/09/2026 13:20:11,229051,38,synthetic-vision,,SYN-S1-S1_PRIV_044,BLINDED,S1_PRIV_044,,complete,SYNTHETIC,,computer,Synthetic desktop,Synthetic OS,Synthetic Browser,1920 x 1080,1440 x 900,,,,Vision Check,SYNTHETIC,G2,spreadsheet,spreadsheet,1,Display 1,Screen 1,,,response,12,,,,3868.7,,,3868.7,1,3868.7,,,,,,,Display 1,12,12,Q1_answer
174,1789993218000,21/09/2026 12:20:18,1789993218000,1,21/09/2026 13:20:18,229051,38,synthetic-vision,,SYN-S1-S1_PRIV_044,BLINDED,S1_PRIV_044,,complete,SYNTHETIC,,computer,Synthetic desktop,Synthetic OS,Synthetic Browser,1920 x 1080,1440 x 900,,,,Vision Check,SYNTHETIC,G2,spreadsheet,spreadsheet,1,Display 2,Screen 1,,,response,16,,,,3380.5,,,3380.5,1,3380.5,,,,,,,Display 2,16,16,Q2_answer
175,1789993225000,21/09/2026 12:20:25,1789993225000,1,21/09/2026 13:20:25,229051,38,synthetic-vision,,SYN-S1-S1_PRIV_044,BLINDED,S1_PRIV_044,,complete,SYNTHETIC,,computer,Synthetic desktop,Synthetic OS,Synthetic Browser,1920 x 1080,1440 x 900,,,,Vision Check,SYNTHETIC,G2,spreadsheet,spreadsheet,1,Display 3,Screen 1,,,response,29,,,,3226.2,,,3226.2,1,3226.2,,,,,,,Display 3,29,29,Q3_answer
176,1789993232000,21/09/2026 12:20:32,1789993232000,1,21/09/2026 13:20:32,229051,38,synthetic-vision,,SYN-S1-S1_PRIV_044,BLINDED,S1_PRIV_044,,complete,SYNTHETIC,,computer,Synthetic desktop,Synthetic OS,Synthetic Browser,1920 x 1080,1440 x 900,,,,Vision Check,SYNTHETIC,G2,spreadsheet,spreadsheet,1,Display 4,Screen 1,,,response,26,,,,4805.7,,,4805.7,1,4805.7,,,,,,,Display 4,26,26,Q4_answer
177,1789993239000,21/09/2026 12:20:39,1789993239000,1,21/09/2026 13:20:39,229051,38,synthetic-vision,,SYN-S1-S1_PRIV_045,BLINDED,S1_PRIV_045,,complete,SYNTHETIC,,computer,Synthetic desktop,Synthetic OS,Synthetic Browser,1920 x 1080,1440 x 900,,,,Vision Check,SYNTHETIC,G2,spreadsheet,spreadsheet,1,Display 1,Screen 1,,,response,12,,,,3704.1,,,3704.1,1,3704.1,,,,,,,Display 1,12,12,Q1_answer
178,1789993246000,21/09/2026 12:20:46,1789993246000,1,21/09/2026 13:20:46,229051,38,synthetic-vision,,SYN-S1-S1_PRIV_045,BLINDED,S1_PRIV_045,,complete,SYNTHETIC,,computer,Synthetic desktop,Synthetic OS,Synthetic Browser,1920 x 1080,1440 x 900,,,,Vision Check,SYNTHETIC,G2,spreadsheet,spreadsheet,1,Display 2,Screen 1,,,response,16,,,,3699.1,,,3699.1,1,3699.1,,,,,,,Display 2,16,16,Q2_answer
179,1789993253000,21/09/2026 12:20:53,1789993253000,1,21/09/2026 13:20:53,229051,38,synthetic-vision,,SYN-S1-S1_PRIV_045,BLINDED,S1_PRIV_045,,complete,SYNTHETIC,,computer,Synthetic desktop,Synthetic OS,Synthetic Browser,1920 x 1080,1440 x 900,,,,Vision Check,SYNTHETIC,G2,spreadsheet,spreadsheet,1,Display 3,Screen 1,,,response,29,,,,2896.0,,,2896.0,1,2896.0,,,,,,,Display 3,29,29,Q3_answer
180,1789993260000,21/09/2026 12:21:00,1789993260000,1,21/09/2026 13:21:00,229051,38,synthetic-vision,,SYN-S1-S1_PRIV_045,BLINDED,S1_PRIV_045,,complete,SYNTHETIC,,computer,Synthetic desktop,Synthetic OS,Synthetic Browser,1920 x 1080,1440 x 900,,,,Vision Check,SYNTHETIC,G2,spreadsheet,spreadsheet,1,Display 4,Screen 1,,,response,26,,,,2738.1,,,2738.1,1,2738.1,,,,,,,Display 4,26,26,Q4_answer
181,1789993267000,21/09/2026 12:21:07,1789993267000,1,21/09/2026 13:21:07,229051,38,synthetic-vision,,SYN-S1-S1_PRIV_046,BLINDED,S1_PRIV_046,,complete,SYNTHETIC,,computer,Synthetic desktop,Synthetic OS,Synthetic Browser,1920 x 1080,1440 x 900,,,,Vision Check,SYNTHETIC,G2,spreadsheet,spreadsheet,1,Display 1,Screen 1,,,response,12,,,,3557.3,,,3557.3,1,3557.3,,,,,,,Display 1,12,12,Q1_answer
182,1789993274000,21/09/2026 12:21:14,1789993274000,1,21/09/2026 13:21:14,229051,38,synthetic-vision,,SYN-S1-S1_PRIV_046,BLINDED,S1_PRIV_046,,complete,SYNTHETIC,,computer,Synthetic desktop,Synthetic OS,Synthetic Browser,1920 x 1080,1440 x 900,,,,Vision Check,SYNTHETIC,G2,spreadsheet,spreadsheet,1,Display 2,Screen 1,,,response,16,,,,3509.0,,,3509.0,1,3509.0,,,,,,,Display 2,16,16,Q2_answer
183,1789993281000,21/09/2026 12:21:21,1789993281000,1,21/09/2026 13:21:21,229051,38,synthetic-vision,,SYN-S1-S1_PRIV_046,BLINDED,S1_PRIV_046,,complete,SYNTHETIC,,computer,Synthetic desktop,Synthetic OS,Synthetic Browser,1920 x 1080,1440 x 900,,,,Vision Check,SYNTHETIC,G2,spreadsheet,spreadsheet,1,Display 3,Screen 1,,,response,29,,,,5278.8,,,5278.8,1,5278.8,,,,,,,Display 3,29,29,Q3_answer
184,1789993288000,21/09/2026 12:21:28,1789993288000,1,21/09/2026 13:21:28,229051,38,synthetic-vision,,SYN-S1-S1_PRIV_046,BLINDED,S1_PRIV_046,,complete,SYNTHETIC,,computer,Synthetic desktop,Synthetic OS,Synthetic Browser,1920 x 1080,1440 x 900,,,,Vision Check,SYNTHETIC,G2,spreadsheet,spreadsheet,1,Display 4,Screen 1,,,response,26,,,,1870.9,,,1870.9,1,1870.9,,,,,,,Display 4,26,26,Q4_answer
185,1789993295000,21/09/2026 12:21:35,1789993295000,1,21/09/2026 13:21:35,229051,38,synthetic-vision,,SYN-S1-S1_PRIV_047,BLINDED,S1_PRIV_047,,complete,SYNTHETIC,,computer,Synthetic desktop,Synthetic OS,Synthetic Browser,1920 x 1080,1440 x 900,,,,Vision Check,SYNTHETIC,G2,spreadsheet,spreadsheet,1,Display 1,Screen 1,,,response,12,,,,2490.0,,,2490.0,1,2490.0,,,,,,,Display 1,12,12,Q1_answer
186,1789993302000,21/09/2026 12:21:42,1789993302000,1,21/09/2026 13:21:42,229051,38,synthetic-vision,,SYN-S1-S1_PRIV_047,BLINDED,S1_PRIV_047,,complete,SYNTHETIC,,computer,Synthetic desktop,Synthetic OS,Synthetic Browser,1920 x 1080,1440 x 900,,,,Vision Check,SYNTHETIC,G2,spreadsheet,spreadsheet,1,Display 2,Screen 1,,,response,16,,,,1448.1,,,1448.1,1,1448.1,,,,,,,Display 2,16,16,Q2_answer
187,1789993309000,21/09/2026 12:21:49,1789993309000,1,21/09/2026 13:21:49,229051,38,synthetic-vision,,SYN-S1-S1_PRIV_047,BLINDED,S1_PRIV_047,,complete,SYNTHETIC,,computer,Synthetic desktop,Synthetic OS,Synthetic Browser,1920 x 1080,1440 x 900,,,,Vision Check,SYNTHETIC,G2,spreadsheet,spreadsheet,1,Display 3,Screen 1,,,response,29,,,,3449.0,,,3449.0,1,3449.0,,,,,,,Display 3,29,29,Q3_answer
188,1789993316000,21/09/2026 12:21:56,1789993316000,1,21/09/2026 13:21:56,229051,38,synthetic-vision,,SYN-S1-S1_PRIV_047,BLINDED,S1_PRIV_047,,complete,SYNTHETIC,,computer,Synthetic desktop,Synthetic OS,Synthetic Browser,1920 x 1080,1440 x 900,,,,Vision Check,SYNTHETIC,G2,spreadsheet,spreadsheet,1,Display 4,Screen 1,,,response,26,,,,2626.5,,,2626.5,1,2626.5,,,,,,,Display 4,26,26,Q4_answer
189,1789993323000,21/09/2026 12:22:03,1789993323000,1,21/09/2026 13:22:03,229051,38,synthetic-vision,,SYN-S1-S1_PRIV_048,BLINDED,S1_PRIV_048,,complete,SYNTHETIC,,computer,Synthetic desktop,Synthetic OS,Synthetic Browser,1920 x 1080,1440 x 900,,,,Vision Check,SYNTHETIC,G2,spreadsheet,spreadsheet,1,Display 1,Screen 1,,,response,12,,,,1492.2,,,1492.2,1,1492.2,,,,,,,Display 1,12,12,Q1_answer
190,1789993330000,21/09/2026 12:22:10,1789993330000,1,21/09/2026 13:22:10,229051,38,synthetic-vision,,SYN-S1-S1_PRIV_048,BLINDED,S1_PRIV_048,,complete,SYNTHETIC,,computer,Synthetic desktop,Synthetic OS,Synthetic Browser,1920 x 1080,1440 x 900,,,,Vision Check,SYNTHETIC,G2,spreadsheet,spreadsheet,1,Display 2,Screen 1,,,response,16,,,,3306.2,,,3306.2,1,3306.2,,,,,,,Display 2,16,16,Q2_answer
191,1789993337000,21/09/2026 12:22:17,1789993337000,1,21/09/2026 13:22:17,229051,38,synthetic-vision,,SYN-S1-S1_PRIV_048,BLINDED,S1_PRIV_048,,complete,SYNTHETIC,,computer,Synthetic desktop,Synthetic OS,Synthetic Browser,1920 x 1080,1440 x 900,,,,Vision Check,SYNTHETIC,G2,spreadsheet,spreadsheet,1,Display 3,Screen 1,,,response,29,,,,5659.4,,,5659.4,1,5659.4,,,,,,,Display 3,29,29,Q3_answer
192,1789993344000,21/09/2026 12:22:24,1789993344000,1,21/09/2026 13:22:24,229051,38,synthetic-vision,,SYN-S1-S1_PRIV_048,BLINDED,S1_PRIV_048,,complete,SYNTHETIC,,computer,Synthetic desktop,Synthetic OS,Synthetic Browser,1920 x 1080,1440 x 900,,,,Vision Check,SYNTHETIC,G2,spreadsheet,spreadsheet,1,Display 4,Screen 1,,,response,26,,,,4458.6,,,4458.6,1,4458.6,,,,,,,Display 4,26,26,Q4_answer
193,1789993351000,21/09/2026 12:22:31,1789993351000,1,21/09/2026 13:22:31,229051,38,synthetic-vision,,SYN-S1-S1_PRIV_049,BLINDED,S1_PRIV_049,,complete,SYNTHETIC,,computer,Synthetic desktop,Synthetic OS,Synthetic Browser,1920 x 1080,1440 x 900,,,,Vision Check,SYNTHETIC,G2,spreadsheet,spreadsheet,1,Display 1,Screen 1,,,response,12,,,,5964.5,,,5964.5,1,5964.5,,,,,,,Display 1,12,12,Q1_answer
194,1789993358000,21/09/2026 12:22:38,1789993358000,1,21/09/2026 13:22:38,229051,38,synthetic-vision,,SYN-S1-S1_PRIV_049,BLINDED,S1_PRIV_049,,complete,SYNTHETIC,,computer,Synthetic desktop,Synthetic OS,Synthetic Browser,1920 x 1080,1440 x 900,,,,Vision Check,SYNTHETIC,G2,spreadsheet,spreadsheet,1,Display 2,Screen 1,,,response,16,,,,4224.1,,,4224.1,1,4224.1,,,,,,,Display 2,16,16,Q2_answer
195,1789993365000,21/09/2026 12:22:45,1789993365000,1,21/09/2026 13:22:45,229051,38,synthetic-vision,,SYN-S1-S1_PRIV_049,BLINDED,S1_PRIV_049,,complete,SYNTHETIC,,computer,Synthetic desktop,Synthetic OS,Synthetic Browser,1920 x 1080,1440 x 900,,,,Vision Check,SYNTHETIC,G2,spreadsheet,spreadsheet,1,Display 3,Screen 1,,,response,29,,,,1989.4,,,1989.4,1,1989.4,,,,,,,Display 3,29,29,Q3_answer
196,1789993372000,21/09/2026 12:22:52,1789993372000,1,21/09/2026 13:22:52,229051,38,synthetic-vision,,SYN-S1-S1_PRIV_049,BLINDED,S1_PRIV_049,,complete,SYNTHETIC,,computer,Synthetic desktop,Synthetic OS,Synthetic Browser,1920 x 1080,1440 x 900,,,,Vision Check,SYNTHETIC,G2,spreadsheet,spreadsheet,1,Display 4,Screen 1,,,response,0,,,,3595.6,,,3595.6,0,3595.6,,,,,,,Display 4,26,26,Q4_answer
197,1789993379000,21/09/2026 12:22:59,1789993379000,1,21/09/2026 13:22:59,229051,38,synthetic-vision,,SYN-S1-S1_PRIV_050,BLINDED,S1_PRIV_050,,complete,SYNTHETIC,,computer,Synthetic desktop,Synthetic OS,Synthetic Browser,1920 x 1080,1440 x 900,,,,Vision Check,SYNTHETIC,G2,spreadsheet,spreadsheet,1,Display 1,Screen 1,,,response,12,,,,5592.0,,,5592.0,1,5592.0,,,,,,,Display 1,12,12,Q1_answer
198,1789993386000,21/09/2026 12:23:06,1789993386000,1,21/09/2026 13:23:06,229051,38,synthetic-vision,,SYN-S1-S1_PRIV_050,BLINDED,S1_PRIV_050,,complete,SYNTHETIC,,computer,Synthetic desktop,Synthetic OS,Synthetic Browser,1920 x 1080,1440 x 900,,,,Vision Check,SYNTHETIC,G2,spreadsheet,spreadsheet,1,Display 2,Screen 1,,,response,16,,,,4193.7,,,4193.7,1,4193.7,,,,,,,Display 2,16,16,Q2_answer
199,1789993393000,21/09/2026 12:23:13,1789993393000,1,21/09/2026 13:23:13,229051,38,synthetic-vision,,SYN-S1-S1_PRIV_050,BLINDED,S1_PRIV_050,,complete,SYNTHETIC,,computer,Synthetic desktop,Synthetic OS,Synthetic Browser,1920 x 1080,1440 x 900,,,,Vision Check,SYNTHETIC,G2,spreadsheet,spreadsheet,1,Display 3,Screen 1,,,response,29,,,,3036.7,,,3036.7,1,3036.7,,,,,,,Display 3,29,29,Q3_answer
200,1789993400000,21/09/2026 12:23:20,1789993400000,1,21/09/2026 13:23:20,229051,38,synthetic-vision,,SYN-S1-S1_PRIV_050,BLINDED,S1_PRIV_050,,complete,SYNTHETIC,,computer,Synthetic desktop,Synthetic OS,Synthetic Browser,1920 x 1080,1440 x 900,,,,Vision Check,SYNTHETIC,G2,spreadsheet,spreadsheet,1,Display 4,Screen 1,,,response,0,,,,3681.5,,,3681.5,0,3681.5,,,,,,,Display 4,26,26,Q4_answer
